"TITLE","SUBSTR(BODY,1,100)","POINTS","TIMESTAMP"
"Vertical space in lists","<p>What is the best way to <em>globally</em> change the amount of vertical space between items in li","267","09/02/2011 15:31:00"
"what's the difference between Boundingbox and hiresBoundingbox?","<p>What's the difference between Boudingbox and hiresBoundingbox in an eps figure?  </p>
","8","18/06/2013 11:56:00"
"Printing British Symbol ?£?","<p>How does one print the '?£' symbol? </p>
","3","15/09/2011 13:13:00"
"How can I add ?« ?» in my sentence?","<p>Does anybody know how to add these marks <strong>?«</strong> bla bla <strong>?»</strong>?</p>
","3","05/12/2013 22:51:00"
"Manual for chemistry and system biology?","<p>Does anyone know if there exist a Latex manual with focuses on chemistry and perhaps also system ","3","16/09/2012 15:10:00"
"Is there a way I can use Tahoma font from Microsoft in latex?","<p>Googling the question yields many posts but no definite answer. Is there a way to use Tahoma font","2","13/03/2014 11:40:00"
"Numbering facts in PCTeX","<p>Is there a way to number ""Facts"", similar to the way theorems, lemmas, and examples are numbered?","0","07/09/2016 15:01:00"
