POST_ID,PARENT_POST_ID,BODY,POINTS,TIMESTAMP
2001,451,Intel Pentium4 1.6Ghz & Biostar M7TDB MB w/ 313M Case.,137,17/09/2020 17:33
2002,365,GigaByte G-Max Intel P4 Flex ATX Platform .,30,17/09/2020 17:33
2003,1778,W.D 120G 7200RPM (1200JB) 8MB Cache and 3 year MDW,296,17/09/2020 17:33
2004,696,AMD XP 2000+ & Gigabyte GA-7DXE MB w/ 313M Case W/ Free PS2 Mouse.,460,17/09/2020 17:33
2005,943,Maxtor 30GB 7200RPM ATA133,398,17/09/2020 17:33
2006,1757,512MB DDR PC2700 Kingston(KVR333X64C25/512),7,17/09/2020 17:33
2007,1956,128Mb SDRam PC133 Kingston,68,17/09/2020 17:33
2008,1145,Intel D845PEBT2 P4 M/B DDR-333 & 533MHz FSB.,0,17/09/2020 17:33
2009,1311,Intel Celeron 1.3GHz 256k S370 FCPGA2 (Retail Box),178,17/09/2020 17:33
2010,359,AMD XP 2700+ Retail box. (with 333Mhz Front Side Bus),125,17/09/2020 17:33
2011,614,Intel Pentium4 2.4ghz & GigaByte 8IPE1000 Pro MB w/ Antec Performance Plus II 1040B Case.,396,17/09/2020 17:33
2012,1215,Serial ATA Power Connector for the Hard Drive.,496,17/09/2020 17:33
2013,1872,Combo AMD XP 2100+ (Box CPU); Gigabyte GA-7N400Pro M/B(W/DDR400 up to 3GB/ATA133 Raid/USB2.0) +Fan.,376,17/09/2020 17:33
2014,1621,AMD XP 2200+ & Gigabyte GA-7VKMLE MB w/ 313M Color Case. W/ Free PS2 Mouse.,34,17/09/2020 17:33
2015,1210,Combo AMD XP 2200+( Box cpu) Gigabyte GA-7DXE.,263,17/09/2020 17:33
2016,296,"AOC LM520 Flat Screen (LCD) 15"" Monitor",202,17/09/2020 17:33
2017,797,Combo AMD XP 1700+ Gigabyte GA-7VKML M/B + Fan,306,17/09/2020 17:33
2018,916,Intel Celeron 1.8ghz & Gigabyte GA-8LD533 MB w/ 313N Case. W/ Free PS2 Mouse.,147,17/09/2020 17:33
2019,1162,GA-7N400 Pro nForce 2 Ultra400 chipset.,29,17/09/2020 17:33
2020,704,AMD XP 2100+ Box & Gigabyte GA-7DXE MB w/ 313M Case. W/ Free PS2 Mouse.,54,17/09/2020 17:33
2021,880,"14""/15"" Filter Screen",499,17/09/2020 17:33
2022,884,313D Black Case 300W P4/AMD,37,17/09/2020 17:33
2023,732,Intel Pentium4 1.6Ghz & Biostar M7TDB MB w/ 313M Case.,369,17/09/2020 17:33
2024,1868,ATI Radeon 7000 32MB DDR TV-Out&DVI,75,17/09/2020 17:33
2025,1358,Black Mitsumi CD-RW 52x24x52x.,23,17/09/2020 17:33
2026,1910,AMD XP 1700+ & Biostar M7VKQ w/ 313N case . W/ Free AMR 56k & PS2 Mouse.,115,17/09/2020 17:33
2027,1632,Combo AMD XP 2700+ CPU; Gigabyte GA-7VA M/B(W/8X AGP;DDR333 up to 3GB/ATA133 ) +Fan.,229,17/09/2020 17:33
2028,598,Boka 406 Sub Woofer 4 Channel Speaker system,70,17/09/2020 17:33
2029,1529,Benwin S54 Surround Sound Speakers.,352,17/09/2020 17:33
2030,91,Biostar M7VKD-Pro AMD Skt A M/B VIA KT133 / 686B 266/200 Mhz FSB SD Ram ATA100(30 day D.O.A Warranty),92,17/09/2020 17:33
2031,1334,Combo AMD XP 2000+ CPU; Gigabyte GA-7VT600L M/B(W/DDR400 up to 3GB/ATA133 Raid/USB2.0) +Fan.,339,17/09/2020 17:33
2032,943,AMD 1.1Ghz Starter Series / Work Station.,105,17/09/2020 17:33
2033,1590,Combo Intel P4 1.8ghz Gigabyte GA-8LD533 m/b + fan.,242,17/09/2020 17:33
2034,1913,313D Black 400W P4/AMD 2xUSB,218,17/09/2020 17:33
2035,1647,4 Port USB 2.0 High-Speed PCI Card,234,17/09/2020 17:33
2036,618,Intel Celeron 1.7ghz & Gigabyte GA-8LS533 MB w/ 313M Case. W/ Free PS2 Mouse.,260,17/09/2020 17:33
2037,204,ASUS A7N8X Deluxe NVIDIA Force2 w/ AMD XP 2700+ CPU.,163,17/09/2020 17:33
2038,1640,Benwin S54 Surround Sound Speakers.,304,17/09/2020 17:33
2039,1850,OptoRite 48X16X48X CDRW Retail Box,322,17/09/2020 17:33
2040,1104,Intel Pentium4 2.4ghz & Gigabyte 8IRX MB w/ 313M Case.,169,17/09/2020 17:33
2041,1360,AMDXP1800/128M/30G Black Complete System.,247,17/09/2020 17:33
2042,715,AMD XP 1800+ & Biostar M7VIG-Pro MB w/ 313M case. Free PS2 Mouse.,28,17/09/2020 17:33
2043,1650,128Mb SDRAM PC133 Micron;Lifetime Warranty! We offer a 100% Compatibility Guarantee. 7.5ns PC133,469,17/09/2020 17:33
2044,93,Linksys Wireless PCI card (WMP11),344,17/09/2020 17:33
2045,1322,Combo Intel P4 1.6Ghz (512k cache) 845WN M/B & Fan (478pin),270,17/09/2020 17:33
2046,1181,Gigabyte GA-6VEML skt 370 M/B (With onboard sound and Video and Realtek Lan),21,17/09/2020 17:33
2047,1719,Intel D845PESV P4 M/B DDR-333 support.,130,17/09/2020 17:33
2048,1311,Biostar M7VKQ Duron 850Mhz B/B w/Video/Sound &10/100 LAN 312case.,263,17/09/2020 17:33
2049,1211,Fast Ethernet 10/100 8 port switching hub,169,17/09/2020 17:33
2050,1905,ADS USB2000 USB Turbo 2.0 pci Controller card,229,17/09/2020 17:33
2051,762,Gigabyte GA-7VAXP AMD Motherboard. VIA KT400 RAID ATA133 with DDR support,2,17/09/2020 17:33
2052,1513,Combo Intel P4 2.0Ghz 478pin(box)CPU + Gigabyte GA-8IRX (DDR up to 2GB/4 USB)M/B + Fan.,267,17/09/2020 17:33
2053,1105,2 Year Warranty On Combo's.,87,17/09/2020 17:33
2054,38,ATI Radeon 7000 32MB DDR TV-Out&DVI,62,17/09/2020 17:33
2055,668,Combo AMD XP 2000+ cpu Gigabyte GA-7VKMLS m/b fan.,211,17/09/2020 17:33
2056,101,AMD XP 2400+ FBS 333 & GigaByte GA-7VA MB w/ 313M case. Free PS2 Mouse.,211,17/09/2020 17:33
2057,121,10 Pack CD-R cd's Color pack,452,17/09/2020 17:33
2058,1313,312B ATX Case with 300W P4/P3/AMD PS. USB Ready.,325,17/09/2020 17:33
2059,2048,Black Mitsumi CD-RW 52x24x52x.,25,17/09/2020 17:33
2060,678,Maxtor External 80Gb Hard drive USB&USB2,417,17/09/2020 17:33
2061,320,AMD XP 2100+ Box & Gigabyte GA-7DXE MB w/ 313M Case. W/ Free PS2 Mouse.,79,17/09/2020 17:33
2062,1732,Intel Celeron 1.8ghz & Gigabyte GA-8LS533 MB w/ 313M Case. W/ Free PS2 Mouse.,426,17/09/2020 17:33
2063,223,Combo AMD XP 2500+ CPU; Gigabyte GA-7N400Pro M/B(W/DDR400 up to 3GB/ATA133 Raid/USB2.0) +Fan.,111,17/09/2020 17:33
2064,941,W.D 120G 7200RPM (1200JB) 8MB Cache and 3 year MDW,391,17/09/2020 17:33
2065,2017,USB Cable 6ft. Long.,320,17/09/2020 17:33
2066,330,3Com 905cx-txm NIC (Network Interface Card),366,17/09/2020 17:33
2067,964,Logitech Smart Click 310 Camera,311,17/09/2020 17:33
2068,990,CyberPower 525VA(525SL),339,17/09/2020 17:33
2069,849,Creative Sound Blaster LIVE 5.1 (OEM - SB0220 ).,224,17/09/2020 17:33
2070,1871,AMD XP 2100+ (Box) & Gigabyte GA-7VKML MB w/ 313M Case. W/ Free PS2 Mouse.,14,17/09/2020 17:33
2071,1876,Combo Intel P4 1.8ghz CPU + Fan(BOx) w/ Intel D845PESV P4 M/B Socket 478.,451,17/09/2020 17:33
2072,1211,Intel D845WN 478Pin SDRAM retail Box,450,17/09/2020 17:33
2073,1149,ADS External USB 2.0 Drive Kit,249,17/09/2020 17:33
2074,1026,AMD XP 2200+ & GigaByte GA-7VA MB w/ 313M case. Free PS2 Mouse.,162,17/09/2020 17:33
2075,1661,AMD XP 2400+ FBS 333 & GigaByte GA-7VA MB w/ 313M case. Free PS2 Mouse.,190,17/09/2020 17:33
2076,1197,128Mb RDRam 800Mhz Kingston,463,17/09/2020 17:33
2077,1445,CyberPower 1500VA UPS Upto 135 minutes,487,17/09/2020 17:33
2078,358,Combo AMD Duron 1.2Ghz Biostar M7VIG-Pro Skt A MotherBoard w/ OnBoard Video/sound/Lan.,355,17/09/2020 17:33
2079,380,AMD MP 1900+ OEM cpu,388,17/09/2020 17:33
2080,1646,AMD XP 2600+ Retail box. (with 333Mhz Front Side Bus),22,17/09/2020 17:33
2081,212,Combo Intel P4 1.8ghz Gigabyte GA-8LD533 m/b + fan.,434,17/09/2020 17:33
2082,1606,Cooler Master Round Floppy Cable. PTC-F18,7,17/09/2020 17:33
2083,552,Intel P4 1;8Ghz (478)pin 512K 3 Year MFG warr.,16,17/09/2020 17:33
2084,45,ATI Radeon 7000 32MB DDR TV-Out&DVI,311,17/09/2020 17:33
2085,300,"AOC LM520 Flat Screen (LCD) 15"" Monitor",285,17/09/2020 17:33
2086,1467,Biostar M7VKD AMD 1Ghz Duron + Cooler Master Fan,309,17/09/2020 17:33
2087,2016,BIOSTAR M6TSL skt370 m/b (30 day D.O.A Warranty),89,17/09/2020 17:33
2088,2059,Intel Pentium4 2.0ghz & Gigabyte 8IE533 MB w/ 313N Case. W/ Free PS2 Mouse.,455,17/09/2020 17:33
2089,539,312B ATX Case with 400Watt P4/P3/AMD Ready PS.,258,17/09/2020 17:33
2090,464,AMD 1.3Ghz BareBone System Free Mouse,393,17/09/2020 17:33
2091,1260,"14""/15"" Filter Screen",137,17/09/2020 17:33
2092,912,AMD 1.1Ghz BareBone System W/Free M&M,226,17/09/2020 17:33
2093,451,Combo Intel P4 2.0ghz Gigabyte GA-8LS533 m/b + fan.,458,17/09/2020 17:33
2094,26,Combo AMD XP 2100+ CPU; Gigabyte GA-7VA M/B.,302,17/09/2020 17:33
2095,23,Microsoft Windows XP Home Full Registered.,199,17/09/2020 17:33
2096,1304,Linksys USB Wireless (WUSB11),14,17/09/2020 17:33
2097,1908,Sony 48x24x40 and 16x CD-RW/DVD OEM.,260,17/09/2020 17:33
2098,498,CyberPower 1500VA UPS Upto 135 minutes,229,17/09/2020 17:33
2099,1806,312B ATX Case with 250W P4/P3/AMD PS.,361,17/09/2020 17:33
2100,972,GA-7N400 Pro nForce 2 Ultra400 chipset.,85,17/09/2020 17:33
2101,265,AMD XP 2400+ Retail box.,237,17/09/2020 17:33
2102,915,Mouse Pad,35,17/09/2020 17:33
2103,1842,Flat Panel Speakers Boka-206,307,17/09/2020 17:33
2104,26,313N-B ATX case 300W P4/AMD Free Fan and 2 Front USB.,116,17/09/2020 17:33
2105,2098,Intel Pentium4 1.9ghz & Biostar U8668 MB w/ 313N Case. W/ Free CNR 56k & PS2 Mouse.,105,17/09/2020 17:33
2106,1574,Western Digital 20GB 5400RPM ATA100,62,17/09/2020 17:33
2107,837,Combo AMD XP 1900+ Gigabyte GA-7VKML M/B + Fan,425,17/09/2020 17:33
2108,1775,YS Intel P4 2.0Ghz POWER SYSTEM,20,17/09/2020 17:33
2109,689,Cyber Power 325SL Battery Back Up,214,17/09/2020 17:33
2110,207,Biostar M6TWL skt 370 Motherboard. (D.O.A 30 days),209,17/09/2020 17:33
2111,670,Combo AMD XP 2100+ (Box CPU) Biostar M7VKQ Pro m/b Cooler Master Fan,418,17/09/2020 17:33
2112,367,Intel P4 2.4G BareBone System W/ Free Mouse.,40,17/09/2020 17:33
2113,1954,AMD XP 2200+ & Biostar M7VIK KT400 MB w/ 313M case. Free PS2 Mouse.,53,17/09/2020 17:33
2114,442,hp deskjet 3820 printer - specifications and warranty.,299,17/09/2020 17:33
2115,939,Mitsumi DW-7801TE DVD Duplicator/Burner.,468,17/09/2020 17:33
2116,835,Combo AMD XP 1800+ CPU; Gigabyte GA-7N400Pro M/B(W/DDR400 up to 3GB/ATA133 Raid/USB2.0) +Fan.,136,17/09/2020 17:33
2117,1095,Combo Intel P4 2.0ghz Gigabyte GA-8LD533 m/b + fan.,308,17/09/2020 17:33
2118,1289,AMD Duron 1.1/128M/30G Black Complete System.,234,17/09/2020 17:33
2119,490,ANTEC Performance PLUS Model PLUS1080 w/ Antec Original TRUE 430W P4 Power Supply.,418,17/09/2020 17:33
2120,12,AMD XP 1800+ (oem),145,17/09/2020 17:33
2121,1523,AMD XP 2000+ & Gigabyte GA-7VKML MB w/ 313M case W/ Free PS2 Mouse.,427,17/09/2020 17:33
2122,616,Gigabyte GA-7VAXP AMD Motherboard. VIA KT400 RAID ATA133 with DDR support,416,17/09/2020 17:33
2123,2021,Biostar M6VLR skt 370 Motherboard,494,17/09/2020 17:33
2124,223,Epson Stylus C42UX - C11C482001.,229,17/09/2020 17:33
2125,742,2 Year Warranty On Combo's.,236,17/09/2020 17:33
2126,989,xAMD XP 1600+ Biostar M7VIB M/B + Cooler master fan,460,17/09/2020 17:33
2127,91,Double RJ45 Surface Mount,47,17/09/2020 17:33
2128,5,312B ATX Case with 250W P4/P3/AMD PS.,95,17/09/2020 17:33
2129,1102,LG 52x24x52x CD-RW (OEM).,78,17/09/2020 17:33
2130,903,TV Tuner card PCI (KWorld M878A),184,17/09/2020 17:33
2131,796,Combo AMD XP 1800+ CPU; Gigabyte GA-7N400Pro M/B(W/DDR400 up to 3GB/ATA133 Raid/USB2.0) +Fan.,344,17/09/2020 17:33
2132,905,Intel P4 3.06 HT CPU & Intel D845PEBT2 M/B onboard Raid and S-ATA,8,17/09/2020 17:33
2133,168,ADS External USB 2.0 Drive Kit,482,17/09/2020 17:33
2134,1764,USB to Parallel Printer Cable.,386,17/09/2020 17:33
2135,1481,Boka 1050 Sub Woofer and Speakers,367,17/09/2020 17:33
2136,1060,256Mb PC133 SDRam Micron 168 PIN SDRAM - Lifetime Warranty! We offer a 100% Compatibility Guarantee. 7.5ns PC133,72,17/09/2020 17:33
2137,1223,Combo AMD XP 2500+ CPU; Gigabyte GA-7N400Pro M/B(W/DDR400 up to 3GB/ATA133 Raid/USB2.0) +Fan.,364,17/09/2020 17:33
2138,1914,ADS External USB 2.0 Drive Kit,389,17/09/2020 17:33
2139,296,9011 ATX Mid Server Case 450W w/3 case fans,165,17/09/2020 17:33
2140,1945,512Mb SDRam PC133,309,17/09/2020 17:33
2141,308,Combo AMD XP 2100+ (Box CPU); Gigabyte GA-7N400Pro M/B(W/DDR400 up to 3GB/ATA133 Raid/USB2.0) +Fan.,263,17/09/2020 17:33
2142,25,YS Intel P4 2.0Ghz Server Solution,385,17/09/2020 17:33
2143,488,AMD XP 1700+ & Gigabyte GA-7VKML MB w/313N case. W/ Free PS2 Mouse.,226,17/09/2020 17:33
2144,555,Mitsumi PS/2 Net scroll 5 button mouse,498,17/09/2020 17:33
2145,1800,xAMD XP 1600+ Biostar M7VIB M/B + Cooler master fan,106,17/09/2020 17:33
2146,1056,Boka 1050 Sub Woofer and Speakers,44,17/09/2020 17:33
2147,495,512Mb DDRam PC2100 (one piece) Micron,380,17/09/2020 17:33
2148,862,CyberPower PhoneSaver,316,17/09/2020 17:33
2149,684,YS Intel Celeron 1.1GHz Work Station Series,1,17/09/2020 17:33
2150,859,AMD XP2000+ Biostar M7VKQ Pro,419,17/09/2020 17:33
2151,859,312D ATX color case(translucent blue) with 250Watt P4/P3/AMD Ready PS.,234,17/09/2020 17:33
2152,966,AMD XP 1700+ & Gigabyte GA-7VKML MB w/313N case. W/ Free PS2 Mouse.,248,17/09/2020 17:33
2153,459,Asus P4C800 Deluxe intel 875 Chip 800FSB DDR SATA ATA133 RAID GIGABIT LAN USB2.0 ATX Retail Box + Intel Pentium 4 3.0Ghz; 800MHz FSB; Fan; Retail Box CPU/MB.,66,17/09/2020 17:33
2154,411,Intel Celeron 1.8Ghz 478 pin Box cpu + fan,116,17/09/2020 17:33
2155,530,Removeable ATA100 hard drive tray,148,17/09/2020 17:33
2156,1917,312D ATX color case translucent blue(No PowerSupply).,282,17/09/2020 17:33
2157,2072,Combo AMD XP 2400 Biostar M7VIK Skt A MotherBoard; KT400.,290,17/09/2020 17:33
2158,334,AMD XP 1800+ & Gigabyte GA-7VKML MB w/ 313M case W/ Free PS2 Mouse.,260,17/09/2020 17:33
2159,1315,Seagate 120GB Serial ATA150 7200RPM.,225,17/09/2020 17:33
2160,2140,AMD XP 2500+ & Gigabyte 7N400Pro w/ 313M case . W/ Free PS2 Mouse.,381,17/09/2020 17:33
2161,896,Combo AMD Duron 1.3Ghz cpu Gigabyte GA-7VKMLS m/b fan.,415,17/09/2020 17:33
2162,1955,Combo Intel P4 3.0ghz CPU + Fan(BOx) FSB800 with Hyper Threading w/ Gigabyte 8IPE1000 Pro MotherBoard(Intel 865G chipset Support FSB800).,236,17/09/2020 17:33
2163,856,Matrox Dual Head G550 With 32 MB of Double Data Rate (DDR) memory; a 360. MHz primary RAMDAC.OEM package,347,17/09/2020 17:33
2164,1530,128Mb RDRam 800Mhz Kingston,244,17/09/2020 17:33
2165,1419,Intel P4 1;7Ghz + Intel 845wn M/B;fan and ATX6053 Case w/350w power supply,365,17/09/2020 17:33
2166,482,AMD XP 1800+ & Biostar M7VIG-Pro MB w/ 313M case. Free PS2 Mouse.,208,17/09/2020 17:33
2167,1577,Cooler Master Copper HEAT PIPE Cooler. HHC-001,231,17/09/2020 17:33
2168,504,Allied 400watt Powersupply; Intel and AMD approved.,345,17/09/2020 17:33
2169,1488,AMD XP 2000+ & GigaByte GA-7VT600L MB w/ 313M case. Free PS2 Mouse.,194,17/09/2020 17:33
2170,845,Cooler Master P4 CopperHeatPipe Fan IHC-H71,426,17/09/2020 17:33
2171,419,Cooler Master ATA133 Rounded IDE Cable . PTC-A18,29,17/09/2020 17:33
2172,328,Microsoft Office XP Small Business Edition,245,17/09/2020 17:33
2173,983,Dynatron CPU Cooler DF1206BH AMD Athlon\Duron Fan. (AMD Recommend),71,17/09/2020 17:33
2174,11,512mb DDR ECC Registerd. For Dual Processor Server MotherBoards.,308,17/09/2020 17:33
2175,323,Combo Intel Celeron 1.1Ghz (Box)Tulatin core Biostar M6VLR m/b (Free AMR Modem.),447,17/09/2020 17:33
2176,1146,Intel P4 3.06 HT CPU & Intel D845PEBT2 M/B onboard Raid and S-ATA,203,17/09/2020 17:33
2177,991,312B ATX Case with 300W P4/P3/AMD PS.,293,17/09/2020 17:33
2178,944,CyberPower Surge Protector 850 with 8 Outlet.,310,17/09/2020 17:33
2179,748,9011 ATX Mid Server Case 450W w/3 case fans,400,17/09/2020 17:33
2180,581,GigaByte G-Max Intel P4 Flex ATX Platform .,49,17/09/2020 17:33
2181,1720,Sound Blaster PC128 Sound card,332,17/09/2020 17:33
2182,2119,AMD XP 2600+ & Biostar M7VIK KT400 MB w/ 313M case. Free PS2 Mouse.,70,17/09/2020 17:33
2183,1172,Cooler Master DP5-6J31C AMD Approved HeatSync.,202,17/09/2020 17:33
2184,1659,Combo AMD XP 2700+ CPU; Gigabyte GA-7VA M/B.,353,17/09/2020 17:33
2185,1088,AMD XP 2500+ Barton CPU ASUS A7N8X Deluxe NVIDIA Force2 w/ Antec Performance plus II 1040B Case.,413,17/09/2020 17:33
2186,1595,Mitsumi 1.44 Floppy Drive,341,17/09/2020 17:33
2187,396,Intel Pentium4 1.8ghz & Intel D845PESV MB w/ 313N Case. W/ Free PS2 Mouse.,281,17/09/2020 17:33
2188,1041,Gigabyte GA-8IPE1000 Pro (intel 865PE Chipset) Pentium 4 ;DDR400 and FSB 800.,364,17/09/2020 17:33
2189,467,Intel Celeron 2.2Ghz 478 pin Box cpu + fan,118,17/09/2020 17:33
2190,887,ATI Radeon 7000 32MB DDR TV-Out&DVI,193,17/09/2020 17:33
2191,1687,5ft Cat5 network cable w/RJ45 connectors,428,17/09/2020 17:33
2192,2180,Gigabyte GA-7VKMLE,240,17/09/2020 17:33
2193,2141,WD Caviar 20.0G 7200rpm Hard Drive,34,17/09/2020 17:33
2194,2072,Biostar M6TSU M/B(30 day D.O.A Warranty),12,17/09/2020 17:33
2195,98,Combo Intel P4 1.8ghz CPU + Fan(BOx) w/ Intel D845PESV P4 M/B Socket 478.,78,17/09/2020 17:33
2196,32,Iomega Internal EIDE 250MB Zip Drive - OEM Version .,55,17/09/2020 17:33
2197,1464,Combo AMD XP 2400+ CPU; Gigabyte GA-7N400Pro M/B(W/DDR400 up to 3GB/ATA133 Raid/USB2.0) +Fan.,417,17/09/2020 17:33
2198,207,Combo AMD XP 2600+ CPU; Gigabyte GA-7N400Pro M/B(W/DDR400 up to 3GB/ATA133 Raid/USB2.0) +Fan.,272,17/09/2020 17:33
2199,1162,AMD XP 1800+ & Gigabyte GA-7VKMLE MB w/ 313M Color Case. W/ Free PS2 Mouse.,125,17/09/2020 17:33
2200,1674,Iomega Internal EIDE 250MB Zip Drive - OEM Version .,84,17/09/2020 17:33
2201,1357,Logitech Cordless Elite Duo Optical Kit(KB/MS),394,17/09/2020 17:33
2202,267,Combo AMD XP 2500+ Biostar M7VIK Skt A MotherBoard; KT400.,81,17/09/2020 17:33
2203,292,Combo Intel P4 1.8Ghz (Box CPU)+ Biostar U8668D m/b (478pin)CPU & Fan Support SD.,257,17/09/2020 17:33
2204,323,AMD XP 2200+ & Biostar M7VIK KT400 MB w/ 313M case. Free PS2 Mouse.,373,17/09/2020 17:33
2205,1980,Combo AMD XP 2400+ CPU; Gigabyte GA-7VA M/B.,200,17/09/2020 17:33
2206,893,Front panel USB kit (for 312J and 312D Case),27,17/09/2020 17:33
2207,980,Combo Intel Celeron 1.3ghz Biostar M6VLQ m/b + fan.,337,17/09/2020 17:33
2208,1302,64Mb RDRam SAMSUNG Must be used in pairs,90,17/09/2020 17:33
2209,2149,Combo Intel P4 2.0Ghz retail CPU + Gigabyte GA-8IE533 M/B + Fan.,443,17/09/2020 17:33
2210,1317,Biostar M7SXF P4 478pin M/B Intel P4 1;8ghz CPU + Fan(BOx)Support DDR DIMM,286,17/09/2020 17:33
2211,551,CyberPower PhoneSaver,303,17/09/2020 17:33
2212,710,"AOC 15"" Monitor .27mm Pitch",160,17/09/2020 17:33
2213,1687,Combo AMD XP 2700+ CPU ASUS A7N8X Deluxe NVIDIA Force2,394,17/09/2020 17:33
2214,1181,Boka 406 Sub Woofer 4 Channel Speaker system,20,17/09/2020 17:33
2215,246,Intel D845PEBT2 M/B onboard Raid and S-ATA .,110,17/09/2020 17:33
2216,413,GA-7N400 Pro nForce 2 Ultra400 chipset.,172,17/09/2020 17:33
2217,598,Biostar M6TWL skt 370 Motherboard. (D.O.A 30 days),322,17/09/2020 17:33
2218,1768,Biostar M7TDR P4 M/B Skt 423 (w/30 day limit warranty),62,17/09/2020 17:33
2219,1156,hp deskjet 3820 printer - specifications and warranty.,195,17/09/2020 17:33
2220,1954,Seagate 60GB 7200rpm EIDE Hard Drive Barracuda V ST360015A (OEM).,79,17/09/2020 17:33
2221,302,Combo Intel P4 2.0ghz Gigabyte GA-8LS533 m/b + fan.,346,17/09/2020 17:33
2222,1851,Combo AMD XP 2100+ (Box CPU); Gigabyte GA-7N400Pro M/B(W/DDR400 up to 3GB/ATA133 Raid/USB2.0) +Fan.,369,17/09/2020 17:33
2223,805,ATI Radeon 7500 PCI 64M w/ TV out and DVI.,475,17/09/2020 17:33
2224,1991,Intel Celeron 2.2Ghz 478 pin Box cpu + fan,170,17/09/2020 17:33
2225,353,3Com 905cx-txm NIC (Network Interface Card),328,17/09/2020 17:33
2226,1111,"AOC 15"" Monitor .27mm Pitch",267,17/09/2020 17:33
2227,277,Biostar M6VCG skt 370 m/b (30 day D.O.A Warranty),376,17/09/2020 17:33
2228,470,KIT Keyboard Mouse and Speakers to match Black cases.,328,17/09/2020 17:33
2229,362,Intel Pentium4 1.8ghz & Gigabyte GA-8IE800 MB w/ 313M Case. W/ Free PS2 Mouse.,294,17/09/2020 17:33
2230,2092,Maxtor 30GB 7200RPM ATA133,472,17/09/2020 17:33
2231,1155,LG 48x24x40 and 16x CD-RW/DVD OEM.,401,17/09/2020 17:33
2232,907,128Mb SDRAM PC133 Micron;Lifetime Warranty! We offer a 100% Compatibility Guarantee. 7.5ns PC133,68,17/09/2020 17:33
2233,1044,ASUS A7N8X Deluxe NVIDIA Force2 .,384,17/09/2020 17:33
2234,621,KIT with Mistumi Internet Keyboard & Optical Mouse & 54X CDrom to match Black case .,393,17/09/2020 17:33
2235,909,Combo Intel P4 2.4ghz CPU + Fan(BOx) w/ Intel D845PESV P4 M/B Socket 478.,216,17/09/2020 17:33
2236,1816,GigaByte G-Max Intel P4 Flex ATX Platform .,359,17/09/2020 17:33
2237,578,AMD XP 2600+ & Biostar M7VIK KT400 MB w/ 313M case. Free PS2 Mouse.,338,17/09/2020 17:33
2238,1479,Iomega Internal EIDE 250MB Zip Drive - OEM Version .,220,17/09/2020 17:33
2239,266,Black LG Electronics CD-RW 48x12x48x / DVD 16x Combo Drive.,277,17/09/2020 17:33
2240,982,4 Port USB 2.0 High-Speed PCI Card,217,17/09/2020 17:33
2241,615,Intel P4 1.8 Ghz CPU BOX (533Mhz),7,17/09/2020 17:33
2242,1374,Intel D875PBZ M/B onboard S-ATA 150 + Intel Pentium 4 3.0Ghz; 800MHz FSB; Fan; Retail Box CPU/MB.,288,17/09/2020 17:33
2243,1442,Seagate 40GB 5400RPM ATA100,486,17/09/2020 17:33
2244,1172,Intel Celeron 1.8ghz & Biostar U8668D. W/ Free CNR 56k & PS2 Mouse.,96,17/09/2020 17:33
2245,913,312B ATX Case (No Power Supply),406,17/09/2020 17:33
2246,2221,512Mb DDR 333 PC2700 (samsung),225,17/09/2020 17:33
2247,230,Gigabyte GA 7DPXDW-c Dual AMD server board,373,17/09/2020 17:33
2248,500,M7SXF P4 478pin Motherboard (Suppout DDR Max 3GB)(30 day D.O.A Warranty),46,17/09/2020 17:33
2249,1068,Combo AMD XP 2500+ Gigabyte GA-7VA M/B.,279,17/09/2020 17:33
2250,212,Biostar M7VKD-Pro AMD Skt A M/B VIA KT133 / 686B 266/200 Mhz FSB SD Ram ATA100(30 day D.O.A Warranty),378,17/09/2020 17:33
2251,1940,Intel Pentium4 1.9ghz & Biostar U8668 MB w/ 313N Case. W/ Free CNR 56k & PS2 Mouse.,322,17/09/2020 17:33
2252,115,Combo Intel P4 2.0Ghz 478pin(box)CPU + Gigabyte GA-8IRX (DDR up to 2GB/4 USB)M/B + Fan.,158,17/09/2020 17:33
2253,675,Combo AMD XP 2100+ (Box CPU) Biostar M7VKQ Pro m/b Cooler Master Fan,221,17/09/2020 17:33
2254,1433,AMD XP 1800+ & Gigabyte GA-7VR MB w/ 313N Case. W/ Free PS2 Mouse.,27,17/09/2020 17:33
2255,2135,Combo Intel P4 1.7Ghz retail CPU + Gigabyte GA-8ID533 M/B + Fan.,311,17/09/2020 17:33
2256,1524,Biostar M7VKQ Pro Skt A MotherBoard w/ OnBoard Video/sound/Lan.,290,17/09/2020 17:33
2257,683,AMD XP 2000+ (OEM),309,17/09/2020 17:33
2258,751,GeForceFX 5200 128MB DDR (Light Version) DVI + TV-out and software DVD.,378,17/09/2020 17:33
2259,1177,USB to Parallel Printer Cable.,199,17/09/2020 17:33
2260,964,C Rimm,72,17/09/2020 17:33
2261,642,LG 52x24x52x CD-RW (OEM).,276,17/09/2020 17:33
2262,746,Sony 48x24x48 and 16x CD-RW/DVD OEM.,326,17/09/2020 17:33
2263,1853,Combo Intel P4 1.8ghz CPU + Fan(BOx) w/ Gigabyte GA-8IE800 Intel®845E Chipset.,34,17/09/2020 17:33
2264,2029,312D ATX translucent blue color case with 300W P4/AMD with(front USB ready) .,199,17/09/2020 17:33
2265,975,Combo AMD XP 1900+ cpu Gigabyte GA-7DXE Motherboard + Fan,211,17/09/2020 17:33
2266,1676,ATI Radion 7000; 64Mb DDR AGP +CRT+DVI+TV,18,17/09/2020 17:33
2267,963,Achieve Gold Dual Fan 550Watt PowerSupply.,398,17/09/2020 17:33
2268,1915,Combo Intel Celeron 1.8ghz Gigabyte GA-8LD533 m/b + fan.,496,17/09/2020 17:33
2269,1929,312B ATX Case with 400Watt P4/P3/AMD Ready PS.,296,17/09/2020 17:33
2270,1057,KIT Keyboard Mouse and Speakers to match color case,185,17/09/2020 17:33
2271,366,AMD Duron 1.1/128M/30G Black Complete System.,277,17/09/2020 17:33
2272,1731,256Mb PC133 SDRam Micron 168 PIN SDRAM - Lifetime Warranty! We offer a 100% Compatibility Guarantee. 7.5ns PC133,266,17/09/2020 17:33
2273,645,313K 300W P4/AMD and Free Case Fan and 2 Front USB.,66,17/09/2020 17:33
2274,249,ATI RADEON 9200? SE 128M DDR DVI+TV-Out 8X AGP (R92LE-C3S).,259,17/09/2020 17:33
2275,1192,8012 Black case with 400W Powersupply.,471,17/09/2020 17:33
2276,1871,AMD XP 2500+ Barton Retail Box (with 333Mhz Front Side Bus w/ 512k Cache).,433,17/09/2020 17:33
2277,2110,Intel Celeron 2.0Ghz 478 pin Box cpu + fan,210,17/09/2020 17:33
2278,536,Cyber Power 1250VA Back Up.,265,17/09/2020 17:33
2279,1956,Biostar M6VCG skt 370 m/b (30 day D.O.A Warranty),27,17/09/2020 17:33
2280,1305,312B ATX Case with 300W P4/P3/AMD PS. USB Ready.,441,17/09/2020 17:33
2281,1219,Maxtor External 80Gb Hard drive USB&USB2,394,17/09/2020 17:33
2282,1543,Intel Pentium4 1.8ghz & Gigabyte GA-8IE800 MB w/ 313M Case. W/ Free PS2 Mouse.,9,17/09/2020 17:33
2283,1779,LG 48x24x40 and 16x CD-RW/DVD OEM.,213,17/09/2020 17:33
2284,173,Intel Celeron 1.8ghz & Gigabyte GA-8LD533 MB w/ 313N Case. W/ Free PS2 Mouse.,457,17/09/2020 17:33
2285,2256,128Mb SDRam PC133 Kingston,120,17/09/2020 17:33
2286,474,312B ATX Case 250W P4/AMD Ready Power Supply.,31,17/09/2020 17:33
2287,704,AMD XP 2500+ Barton (OEM). (with 333Mhz Front Side Bus w/ 512k Cache).,6,17/09/2020 17:33
2288,225,Combo AMD XP 2100+ CPU; Gigabyte GA-7VA M/B.,346,17/09/2020 17:33
2289,2165,AMR 56K V.90 Modem Riser Card,119,17/09/2020 17:33
2290,1236,Intel Pentium4 2.4ghz & Gigabyte GA-8IE800 MB w/ 313N Case. W/ Free PS2 Mouse.,349,17/09/2020 17:33
2291,1434,GA-8LD533 Intel®845GL Chipset VC/SC/Lan.,133,17/09/2020 17:33
2292,105,Gigabyte GA-8IPE1000 Pro (intel 865PE Chipset) Pentium 4 ;DDR400 and FSB 800.,425,17/09/2020 17:33
2293,1110,AMD XP 2100+ CPU (oem)(AXDA2100DUT3C; RevisionB).,269,17/09/2020 17:33
2294,910,AMD XP 2200+ CPU Oem,479,17/09/2020 17:33
2295,517,10ft Cat 5 network cable w/RJ45 connectors,127,17/09/2020 17:33
2296,155,Combo Intel P4 1.9Ghz (Box CPU)+ Biostar U8668 m/b (478pin)CPU & Fan Support SD.,3,17/09/2020 17:33
2297,1554,313D Black 400W P4/AMD 2xUSB,46,17/09/2020 17:33
2298,1211,312D ATX color case(translucent blue) with 400Watt P4/P3/AMD Support PS.,243,17/09/2020 17:33
2299,2018,Intel Pentium4 1.8ghz & Intel D845PESV MB w/ 313N Case. W/ Free PS2 Mouse.,419,17/09/2020 17:33
2300,14,AMD XP 2500+ Barton (OEM). (with 333Mhz Front Side Bus w/ 512k Cache).,200,17/09/2020 17:33
2301,1167,Intel Celeron 1.0 Ghz skt 370 PPGA (BOX),10,17/09/2020 17:33
2302,219,Combo AMD XP 2700+ CPU; Gigabyte GA-7N400Pro M/B(W/DDR400 up to 3GB/ATA133 Raid/USB2.0) +Fan.,349,17/09/2020 17:33
2303,642,Intel Celeron 2.0Ghz/128M/30G Black Complete System.,467,17/09/2020 17:33
2304,316,Gigabyte GA-7NNXP MotherBoard w/ Nforce2 400 chipset.,46,17/09/2020 17:33
2305,1481,Mitsumi PS2 Keyboard,320,17/09/2020 17:33
2306,988,Combo AMD XP 2600+ CPU; Gigabyte GA-7N400Pro M/B(W/DDR400 up to 3GB/ATA133 Raid/USB2.0) +Fan.,262,17/09/2020 17:33
2307,661,KIT Keyboard Mouse and Speakers to match color case,407,17/09/2020 17:33
2308,306,Cooler Master P4 CopperHeatPipe Fan IHC-H71,367,17/09/2020 17:33
2309,144,Windows XP Pro Registered OEM,275,17/09/2020 17:33
2310,2040,Combo Intel P4 1.8ghz Gigabyte GA-8LD533 m/b + fan.,349,17/09/2020 17:33
2311,492,ASUS P4SDX SiS655 Chipset Dual Channel DDR333.,239,17/09/2020 17:33
2312,542,"AOC LM520 Flat Screen (LCD) 15"" Monitor",443,17/09/2020 17:33
2313,617,Antec PlusView1000AMG Metallic Gray SOHO File Server without PowerSupply.,399,17/09/2020 17:33
2314,724,4 Port USB 2.0 High-Speed PCI Card,304,17/09/2020 17:33
2315,1511,Combo Intel Celeron 1.8ghz Gigabyte GA-8LS533 m/b + fan.,49,17/09/2020 17:33
2316,230,AMD XP 1700+ & Biostar M7VKQ w/ 313N case . W/ Free AMR 56k & PS2 Mouse.,454,17/09/2020 17:33
2317,209,Biostar U8668D P4 uATX M/B (VIA P4M266 478pin) with AMR ;Support DDR and 533MhZ FSB; onboard Sound & Video & AGP Slot,41,17/09/2020 17:33
2318,1635,AMD XP 2500+ Barton Retail Box (with 333Mhz Front Side Bus w/ 512k Cache).,368,17/09/2020 17:33
2319,1322,Combo AMD XP 2000+ Gigabyte GA-7VKML MB,256,17/09/2020 17:33
2320,1625,YS Intel P4 2.0Ghz Server Solution,208,17/09/2020 17:33
2321,656,ATI Radeon 7000 32MB DDR PCI CRT+DVI+TV.,23,17/09/2020 17:33
2322,2186,Combo Intel P4 1.8ghz Gigabyte GA-8LS533 m/b + fan.,308,17/09/2020 17:33
2323,847,128Mb SDRAM PC133 Micron;Lifetime Warranty! We offer a 100% Compatibility Guarantee. 7.5ns PC133,389,17/09/2020 17:33
2324,2294,313K 300W P4/AMD and 2 Front USB.,147,17/09/2020 17:33
2325,400,Dynatron CPU Cooler DF1206BH AMD Athlon\Duron Fan. (AMD Recommend),304,17/09/2020 17:33
2326,1111,Combo Intel P4 3.06ghz CPU + Fan(BOx)with Hyper Threading w/ Intel D845PESV P4 M/B DDR-333 support.,200,17/09/2020 17:33
2327,531,AMD XP2000+ Biostar M7VKQ Pro,404,17/09/2020 17:33
2328,272,Intel P4 1;8Ghz (478)pin 512K 3 Year MFG warr.,132,17/09/2020 17:33
2329,1375,AMD XP 1700+ & Biostar M7VKQ w/ 313N case . W/ Free AMR 56k & PS2 Mouse.,186,17/09/2020 17:33
2330,482,Black LG Electronics CD-RW 48x12x48x / DVD 16x Combo Drive.,476,17/09/2020 17:33
2331,207,Surge protector,21,17/09/2020 17:33
2332,1364,Intel P4 2.4G BareBone System W/ Free Mouse.,15,17/09/2020 17:33
2333,170,AMD XP 2700+ Retail box. (with 333Mhz Front Side Bus),44,17/09/2020 17:33
2334,2177,ATI Radeon 7000 32MB DDR TV-Out&DVI,261,17/09/2020 17:33
2335,1608,AMD Duron 1.1Ghz (1100 Mhz) OEM,105,17/09/2020 17:33
2336,131,Intel P4 3.0Ghz FSB 800MHZ (478)pin(HT) 3 Year MFG Warr.,491,17/09/2020 17:33
2337,1397,Combo AMD XP 2400+ CPU; Gigabyte GA-7N400Pro M/B(W/DDR400 up to 3GB/ATA133 Raid/USB2.0) +Fan.,96,17/09/2020 17:33
2338,118,Combo Intel P4 1.9Ghz (Box CPU)+ Biostar U8668 m/b (478pin)CPU & Fan Support SD.,491,17/09/2020 17:33
2339,757,AMD Duron 1.3 Ghz (Oem),65,17/09/2020 17:33
2340,952,313N-B ATX case 300W P4/AMD Free Fan and 2 Front USB.,224,17/09/2020 17:33
2341,2081,Intel P4 1;6Ghz Box CPU (478pin)(256KB L2 Cache),194,17/09/2020 17:33
2342,588,Biostar M6TBA skt 370 Motherboard. (D.O.A 30 days),306,17/09/2020 17:33
2343,2306,CyberPower PhoneSaver,294,17/09/2020 17:33
2344,2026,Intel Celeron 1.7ghz & Biostar U8668D. W/ Free CNR 56k & PS2 Mouse.,268,17/09/2020 17:33
2345,2141,AMD Duron 1.2MHz & Biostar M7VIG-Pro MB w/ 312J case. Free PS2 Mouse.,153,17/09/2020 17:33
2346,418,Visioneer 5800 48bit USB Scanner XP compatable,234,17/09/2020 17:33
2347,1993,Intel Pentium4 2.0ghz & Gigabyte 8IRXP MB w/ 313N Case. W/ Free PS2 Mouse.,134,17/09/2020 17:33
2348,1517,HP 1300 Laser Jet New.,255,17/09/2020 17:33
2349,1489,AMD Duron 1.1/128M/30G Black Complete System.,109,17/09/2020 17:33
2350,599,Biostar Mini BareBone PC > iDEQ 200S.,149,17/09/2020 17:33
2351,1844,128Mb DDRam PC2100 Kingston,380,17/09/2020 17:33
2352,1458,Combo AMD XP 2700+ CPU ASUS A7N8X Deluxe NVIDIA Force2,374,17/09/2020 17:33
2353,61,4 Port USB 2.0 High-Speed PCI Card,411,17/09/2020 17:33
2354,1760,LG 48x24x40 and 16x CD-RW/DVD OEM.,9,17/09/2020 17:33
2355,1410,AMD XP 1600+ CPU (OEM),302,17/09/2020 17:33
2356,859,Intel P4 3.06 HT CPU & Intel D845PEBT2 M/B onboard Raid and S-ATA,125,17/09/2020 17:33
2357,1579,LG 32x10x40 and 16x CD-RW/DVD OEM,37,17/09/2020 17:33
2358,2260,Combo AMD XP 2400 Biostar M7VIK Skt A MotherBoard; KT400.,383,17/09/2020 17:33
2359,1715,Combo AMD XP 1700+ cpu Gigabyte GA-7DXE Motherboard + Fan,216,17/09/2020 17:33
2360,1925,Combo Intel Celeron 1.7G Gigabyte MB GA-8LS533,364,17/09/2020 17:33
2361,1111,Gigabyte GA-7NNXP MotherBoard w/ Nforce2 400 chipset.,51,17/09/2020 17:33
2362,391,AMD XP 2400+ Retail box.,252,17/09/2020 17:33
2363,74,AMD XP 2000+ (OEM),71,17/09/2020 17:33
2364,1334,Intel Pentium4 2.4ghz & Intel D845PESV MB w/ 313M Case. W/ Free PS2 Mouse.,109,17/09/2020 17:33
2365,789,GeForceFX 5200 128MB DDR (Light Version) DVI + TV-out and software DVD.,84,17/09/2020 17:33
2366,2164,Intel Pentium4 2.0ghz & Gigabyte 8IRX MB w/ 313N Case.,96,17/09/2020 17:33
2367,695,"Case Fan 3 1/2""(80mm) 12V",74,17/09/2020 17:33
2368,668,Seagate 40GB 5400RPM ATA100,157,17/09/2020 17:33
2369,427,Serial ATA IDE Connector.,349,17/09/2020 17:33
2370,1404,Removeable ATA100 hard drive tray,259,17/09/2020 17:33
2371,1609,312D ATX color case(translucent blue) with 250Watt P4/P3/AMD Ready PS.,347,17/09/2020 17:33
2372,536,9011 ATX Mid Server Case 450W w/3 case fans,452,17/09/2020 17:33
2373,2061,Combo AMD Duron 1.2Ghz cpu Gigabyte GA-7VKMLS m/b fan.,186,17/09/2020 17:33
2374,1686,Combo Intel P4 1.8ghz CPU + Fan(BOx) w/ Intel D845PESV P4 M/B Socket 478.,94,17/09/2020 17:33
2375,2150,Combo AMD XP 2100+ CPU; Gigabyte GA-7VA M/B.,108,17/09/2020 17:33
2376,960,"17"" Filter Screen",255,17/09/2020 17:33
2377,1470,ATI RADEON 9200? SE 128M DDR DVI+TV-Out 8X AGP (R92LE-C3S).,141,17/09/2020 17:33
2378,1975,Surge protector,398,17/09/2020 17:33
2379,28,ASUS P4C800 Deluxe Skt 478 Intel 875P (800MHZ FSB).,398,17/09/2020 17:33
2380,862,1.7Ghz Intel Celeron(box)478pin+ Biostar M7SXF M/b +fan,89,17/09/2020 17:33
2381,146,Combo AMD XP 2000+ CPU; Gigabyte GA-7N400Pro M/B(W/DDR400 up to 3GB/ATA133 Raid/USB2.0) +Fan.,74,17/09/2020 17:33
2382,1288,CoolerMaster Thermal Compound Premium PTK-001.,114,17/09/2020 17:33
2383,569,312D ATX color case(translucent blue) with 400Watt P4/P3/AMD Support PS.,322,17/09/2020 17:33
2384,416,Intel D875PBZ M/B onboard S-ATA 150 + Intel Pentium 4 3.0Ghz; 800MHz FSB; Fan; Retail Box CPU/MB.,462,17/09/2020 17:33
2385,1545,Combo AMD XP 2000+ Gigabyte GA-7VKML MB,298,17/09/2020 17:33
2386,530,BIOSTAR M6TSL skt370 m/b (30 day D.O.A Warranty),330,17/09/2020 17:33
2387,1386,6066-C10 Black Computer case w/Window panel,332,17/09/2020 17:33
2388,1504,Windows XP Pro Registered OEM,371,17/09/2020 17:33
2389,323,"SVA-USA VR-17S 17"" TFT LCD Display.",249,17/09/2020 17:33
2390,1626,Boka 2000 Sub Woofer Speaker System,47,17/09/2020 17:33
2391,2285,AMD XP 2200+ & Gigabyte 7DXE w/ 313M case . W/ Free PS2 Mouse.,40,17/09/2020 17:33
2392,571,Biostar M6TBA skt 370 Motherboard. (D.O.A 30 days),98,17/09/2020 17:33
2393,2063,400 Watt UL ATX Power Supply Support AMD; P3;P4;and with Dual Fan.,189,17/09/2020 17:33
2394,519,Intel Celeron 1.8ghz & Gigabyte GA-8LS533 MB w/ 313M Case. W/ Free PS2 Mouse.,232,17/09/2020 17:33
2395,1010,Benwin S54 Surround Sound Speakers.,61,17/09/2020 17:33
2396,2334,Combo Intel P4 1.8Ghz retail CPU + Gigabyte GA-8ID533 M/B + Fan.,274,17/09/2020 17:33
2397,2250,Combo Intel Celeron 1.7G Gigabyte MB GA-8LS533,443,17/09/2020 17:33
2398,677,AMD XP 2000+ & Gigabyte GA-7VKML MB w/ 313M case W/ Free PS2 Mouse.,156,17/09/2020 17:33
2399,855,Combo Intel Celeron 1.2Ghz Biostar M6VLR m/b fan (Free AMR Modem.),382,17/09/2020 17:33
2400,1448,Combo AMD XP 2600+ CPU ASUS A7N8X Deluxe NVIDIA Force2,228,17/09/2020 17:33
2401,822,Combo AMD XP 1800+ CPU; Gigabyte GA-7VA M/B.,155,17/09/2020 17:33
2402,1306,Intel Celeron 1.7Ghz 478 pin Box cpu + fan,8,17/09/2020 17:33
2403,2383,AMD XP 2100+ & GigaByte GA-7VA MB w/ 313M case. Free PS2 Mouse.,272,17/09/2020 17:33
2404,2022,Sound Blaster PC128 Sound card,124,17/09/2020 17:33
2405,2216,AMD XP 2200+ & Gigabyte 7N400Pro w/ 313M case . W/ Free PS2 Mouse.,93,17/09/2020 17:33
2406,1124,Intel Pentium4 3.0ghz & Asus P4C800 MB w/ Antec Performance Plus II 1040B Case.,295,17/09/2020 17:33
2407,2384,Combo AMD Duron 1.3Ghz cpu Gigabyte GA-7VKMLS m/b fan.,219,17/09/2020 17:33
2408,331,Boka 1050 Sub Woofer and Speakers,370,17/09/2020 17:33
2409,766,Biostar M6TWL skt 370 Motherboard. (D.O.A 30 days),472,17/09/2020 17:33
2410,301,AMD XP 1800+ (oem),15,17/09/2020 17:33
2411,1790,128Mb PC2100 266Mhz DDR Ram ( Micron ),394,17/09/2020 17:33
2412,1541,"SVA-USA VR-15B 15"" TFT LCD Display.",313,17/09/2020 17:33
2413,2158,White RF Wireless Keyboard Track Ball .(PS/2 Connector),310,17/09/2020 17:33
2414,1403,Intel Pentium4 1.8ghz & Biostar U8668 MB w/ 313N Case. W/ Free CNR 56k & PS2 Mouse.,124,17/09/2020 17:33
2415,1223,Pentiume 4 1.8Ghz/128M/30G Black Complete System.,152,17/09/2020 17:33
2416,724,AMD Server Solution YS XP2000+ 266 FSB Raid Server,218,17/09/2020 17:33
2417,285,313H ATX 400w Case W/ case Fan P4/P3/AMD.,324,17/09/2020 17:33
2418,1790,Mitsumi DW-7801TE DVD Duplicator/Burner.,275,17/09/2020 17:33
2419,1369,GigaByte 7N400Pro AntecCase+AMDXP2700,64,17/09/2020 17:33
2420,1413,Combo AMD MP 1500+ Gigabyte GA-7DPXDW Dual CPU M/B +Fan (one cpu only),19,17/09/2020 17:33
2421,2402,MicroSoft Windows Server 2003 W/ 10 Licenses.,344,17/09/2020 17:33
2422,1222,313H ATX 400w Case W/ case Fan P4/P3/AMD.,336,17/09/2020 17:33
2423,1701,AMD XP 2500+ Barton Retail Box (with 333Mhz Front Side Bus w/ 512k Cache).,479,17/09/2020 17:33
2424,1669,512MB DDR PC3200 Kingston Hyper X (KHX3200/512 ),364,17/09/2020 17:33
2425,2353,312B ATX Case with 400Watt P4/P3/AMD Ready PS.,271,17/09/2020 17:33
2426,125,ATI Radion 7000 64Mb SD CRT+TV-Out,199,17/09/2020 17:33
2427,2417,Intel P4 1.8 Ghz CPU BOX (533Mhz),107,17/09/2020 17:33
2428,1810,10 Pack CD-R cd's Color pack,427,17/09/2020 17:33
2429,1856,Combo Intel P4 2.0Ghz 478pin(box)CPU + Gigabyte GA-8IRX (DDR up to 2GB/4 USB)M/B + Fan.,56,17/09/2020 17:33
2430,70,LG 32x10x40 and 16x CD-RW/DVD OEM,365,17/09/2020 17:33
2431,2350,AMD XP 2000+ & GigaByte GA-7VA MB w/ 313M case. Free PS2 Mouse.,159,17/09/2020 17:33
2432,2034,Wireless Access Point Router with 4-Port Switch - Version 3.2 (BEFW11S4),12,17/09/2020 17:33
2433,629,Intel Celeron 1.2Ghz & Gigabyte GA6VEML MB w/ 312J Color Case. W/ Free PS2 Mouse.,217,17/09/2020 17:33
2434,2004,Combo AMD XP 2700+ CPU; Gigabyte GA-7N400Pro M/B(W/DDR400 up to 3GB/ATA133 Raid/USB2.0) +Fan.,306,17/09/2020 17:33
2435,1535,Boka 1050 Sub Woofer and Speakers,491,17/09/2020 17:33
2436,628,AMD Duron 1.2Ghz OEM,440,17/09/2020 17:33
2437,1644,AMD XP 2200+ & Gigabyte 7DXE w/ 313M case . W/ Free PS2 Mouse.,385,17/09/2020 17:33
2438,2390,Combo AMD XP 2000+ CPU; Gigabyte GA-7VA M/B.,114,17/09/2020 17:33
2439,441,Boka 1050 Sub Woofer and Speakers,290,17/09/2020 17:33
2440,1322,ASUS P4C800 Deluxe Skt 478 Intel 875P (800MHZ FSB).,200,17/09/2020 17:33
2441,690,ATI Radeon 7000 VIVO 64mb DDR AGP .,379,17/09/2020 17:33
2442,1694,Combo AMD XP 2100+ w/ Cpu Fan & Biostar M7VKQ +,435,17/09/2020 17:33
2443,2197,Combo Intel Celeron 1.2Ghz Biostar M6VLR m/b fan (Free AMR Modem.),300,17/09/2020 17:33
2444,514,Combo Intel P4 2.0Ghz retail CPU + Gigabyte GA-8IE533 M/B + Fan.,406,17/09/2020 17:33
2445,726,AMD Duron 1.2MHz & Biostar M7VIG-Pro MB w/ 312J case. Free PS2 Mouse.,317,17/09/2020 17:33
2446,1898,Combo Intel P4 2.0Ghz 478pin(box)CPU + Gigabyte GA-8IRX (DDR up to 2GB/4 USB)M/B + Fan.,169,17/09/2020 17:33
2447,2323,Combo Intel P4 1.8Ghz (Box CPU)+ Biostar U8668D m/b (478pin)CPU & Fan Support SD.,65,17/09/2020 17:33
2448,2238,AMDXP2000+ Box BiostarM7VIG-Pro,13,17/09/2020 17:33
2449,298,Antec PlusView1000AMG Metallic Gray SOHO File Server without PowerSupply.,254,17/09/2020 17:33
2450,1118,AMD XP 2800+ Retail box.,472,17/09/2020 17:33
2451,986,Intel P4 2.4 Ghz CPU BOX (800Mhz),211,17/09/2020 17:33
2452,153,AMD XP 1800+ & Gigabyte GA-7VR MB w/ 313N Case. W/ Free PS2 Mouse.,333,17/09/2020 17:33
2453,1359,10 Pack CD-R cd's Color pack,355,17/09/2020 17:33
2454,1805,Combo AMD XP 1800+ CPU; Gigabyte GA-7N400Pro M/B(W/DDR400 up to 3GB/ATA133 Raid/USB2.0) +Fan.,18,17/09/2020 17:33
2455,682,Gigabyte GA-8IRXP ATA133 + onboard Raid + USB2.0 + Lan,255,17/09/2020 17:33
2456,1443,Intel Celeron 1.1Ghz & Gigabyte GA6VEML MB w/ 312D Color Case. W/ Free PS2 Mouse.,313,17/09/2020 17:33
2457,719,AMD XP 1800+ (oem),92,17/09/2020 17:33
2458,290,512MB DDR400 PC3200 Kingston(KVR400X64C3/512 ),64,17/09/2020 17:33
2459,691,Mouse Pad,452,17/09/2020 17:33
2460,554,Surge protector,110,17/09/2020 17:33
2461,2259,Intel Pentium4 1.8Ghz & Biostar U8668D MB w/ 313M case. W/ Free CNR 56k & PS2 Mouse.,487,17/09/2020 17:33
2462,2325,Biostar M7SXD P4 M/B Socket 478 Support SD/DDR (30 day D.O.A Warranty),274,17/09/2020 17:33
2463,1904,2 Year Warranty On BareBones.,164,17/09/2020 17:33
2464,1446,Windows XP Pro Registered OEM,444,17/09/2020 17:33
2465,861,Combo AMD Duron 1.3Ghz + Biostar M7VKQ Pro,363,17/09/2020 17:33
2466,696,6066-C10 Black Computer case w/Window panel,341,17/09/2020 17:33
2467,609,Linksys Wireless PCI card (WMP11),273,17/09/2020 17:33
2468,597,Intel Pentium4 2.4ghz & Gigabyte GA-8IE800 MB w/ 313N Case. W/ Free PS2 Mouse.,222,17/09/2020 17:33
2469,717,ATX 300W High Quality Switching Power Supply,153,17/09/2020 17:33
2470,1854,AMD XP 2200+ & GigaByte GA-7VA MB w/ 313M case. Free PS2 Mouse.,384,17/09/2020 17:33
2471,154,Cooler Master DP5-6J31C AMD Approved HeatSync.,109,17/09/2020 17:33
2472,2170,Printer Cable,461,17/09/2020 17:33
2473,184,Combo AMD XP 1700+ cpu Gigabyte GA-7DXE Motherboard + Fan,220,17/09/2020 17:33
2474,880,Gigabyte GA-8IE800 Intel®845E Chipset.,128,17/09/2020 17:33
2475,7,AMD XP 1800+ & Biostar M7VKQ Pro MB w/ 313M Case. W/ PS2 Mouse.,423,17/09/2020 17:33
2476,1926,Printer Cable,472,17/09/2020 17:33
2477,1923,Logitech Optical Mouse,218,17/09/2020 17:33
2478,351,Combo AMD XP 2700+ CPU; Gigabyte GA-7N400Pro M/B(W/DDR400 up to 3GB/ATA133 Raid/USB2.0) +Fan.,361,17/09/2020 17:33
2479,2071,Intel D875PBZ M/B onboard S-ATA 150 + Intel Pentium 4 2.4Ghz; 800MHz FSB; Fan; Retail Box CPU/MB.,383,17/09/2020 17:33
2480,57,Combo AMD XP 1800+ Gigabyte GA-7VKML M/B + Fan,344,17/09/2020 17:33
2481,632,GigaByte 7N400Pro AntecCase+AMDXP2700,479,17/09/2020 17:33
2482,708,Linksys Instant Wireless Network Adapter - Version 3.0 for Notbooks. (Model No. WPC11 ver.3),174,17/09/2020 17:33
2483,1851,Benwin S54 Surround Sound Speakers.,106,17/09/2020 17:33
2484,1240,AMD XP 1800+ & Gigabyte GA-7DXE MB w/ 313M Case W/ Free PS2 Mouse.,197,17/09/2020 17:33
2485,188,312D ATX color case(translucent blue) with 400Watt P4/P3/AMD Support PS.,436,17/09/2020 17:33
2486,1048,Intel Pentium4 1.7Ghz & Biostar M7TDB MB w/ 313M Case.,490,17/09/2020 17:33
2487,515,GigaByte G-Max AMD Flex ATX Platform .,221,17/09/2020 17:33
2488,1737,Printer Cable,220,17/09/2020 17:33
2489,367,Microsoft Office XP Small Business Edition,76,17/09/2020 17:33
2490,864,CyberPower 1500VA UPS Upto 135 minutes,361,17/09/2020 17:33
2491,880,9011 ATX Mid Server Case 450W w/3 case fans,460,17/09/2020 17:33
2492,2131,LABTEC Cordless Desktop Keyboard & Mouse (Spanish Edition).,492,17/09/2020 17:33
2493,1146,256Mb SDRam PC133 Kingston,422,17/09/2020 17:33
2494,2247,Combo AMD XP 1900+ Gigabyte GA-7VKML M/B + Fan,57,17/09/2020 17:33
2495,1487,AMD XP 1800+ & Gigabyte GA-7VKML MB w/ 313M case W/ Free PS2 Mouse.,279,17/09/2020 17:33
2496,1822,Combo Intel P4 2.4ghz CPU + Fan(BOx) w/ Gigabyte GA-8IE800 Intel®845E Chipset.,78,17/09/2020 17:33
2497,619,Intel Pentium4 1.8ghz & Gigabyte GA-8IE800 MB w/ 313M Case. W/ Free PS2 Mouse.,45,17/09/2020 17:33
2498,2175,Cooler Master Socket A CopperHeatSync Fan HSC-V62,430,17/09/2020 17:33
2499,1702,Intel Celeron 1.8Ghz/128M/30G Black Complete System.,20,17/09/2020 17:33
2500,1701,6066-C10 Black Computer case w/Window panel,421,17/09/2020 17:33
2501,1087,Intel Celeron 1.2Ghz & Biostar M6VLR MB w/ 312J Color Case. W/ Free AMR 56k & PS2 Mouse.,117,17/09/2020 17:33
2502,842,312A Black ATX case 300W P4/AMD (Front USB Optional.),61,17/09/2020 17:33
2503,2323,Combo Intel P4 2.0Ghz retail CPU + Gigabyte GA-8IE533 M/B + Fan.,91,17/09/2020 17:33
2504,864,313D Black Case 300W P4/AMD,491,17/09/2020 17:33
2505,1678,Intel P4 2.4ghz,482,17/09/2020 17:33
2506,532,256Mb DDRam PC2100 Kingston,193,17/09/2020 17:33
2507,162,AMD Server Solution YS XP2000+ 266 FSB Raid Server,190,17/09/2020 17:33
2508,1438,312A Black ATX case 300W P4/AMD (Front USB Optional.),241,17/09/2020 17:33
2509,468,Boka 306 Sub Woofer Flat Speaker system,264,17/09/2020 17:33
2510,812,OptoRite 48X16X48X CDRW Retail Box,436,17/09/2020 17:33
2511,1195,Intel Pentium4 2.4ghz & Gigabyte GA-8IE800 MB w/ 313N Case. W/ Free PS2 Mouse.,47,17/09/2020 17:33
2512,810,Combo Intel Celeron 1.7G Gigabyte MB GA-8LS533,330,17/09/2020 17:33
2513,826,Mitsumi 1.44 Floppy Drive (Black),13,17/09/2020 17:33
2514,2495,White RF Wireless Keyboard Track Ball .(PS/2 Connector),260,17/09/2020 17:33
2515,2114,Intel Pentium4 2.0ghz & Gigabyte 8IRX MB w/ 313N Case.,210,17/09/2020 17:33
2516,2013,Intel D875PBZ M/B onboard S-ATA 150.,123,17/09/2020 17:33
2517,793,Linksys Instant Wireless Network Adapter - Version 3.0 for Notbooks. (Model No. WPC11 ver.3),369,17/09/2020 17:33
2518,1047,312A Black ATX case 300W P4/AMD (Front USB Optional.),268,17/09/2020 17:33
2519,1906,AMD XP 2400+ Retail box.,354,17/09/2020 17:33
2520,2287,GigaByte 7N400Pro AntecCase+AMDXP2700,490,17/09/2020 17:33
2521,863,Biostar M7VKD AMD 1Ghz Duron + Cooler Master Fan,267,17/09/2020 17:33
2522,2506,AMD XP2000+ Biostar M7VKQ Pro,250,17/09/2020 17:33
2523,1488,ADS Technologies Firewire External Drive.,124,17/09/2020 17:33
2524,2254,Asus P4C800 Deluxe intel 875 Chip 800FSB DDR SATA ATA133 RAID GIGABIT LAN USB2.0 ATX Retail Box + Intel Pentium 4 2.4Ghz; 800MHz FSB; Fan; Retail Box CPU/MB.,364,17/09/2020 17:33
2525,2427,256Mb DDR PC2100 (Micron),172,17/09/2020 17:33
2526,2092,Mitsumi PS2 Keyboard,15,17/09/2020 17:33
2527,643,GigaByte G-Max Intel P4 Flex ATX Platform .,11,17/09/2020 17:33
2528,1591,AMD XP 2000+ & Gigabyte GA-7DXE MB w/ 313M Case W/ Free PS2 Mouse.,101,17/09/2020 17:33
2529,887,Gigabyte GA-8SMMLP SiS650GX Chipset.,342,17/09/2020 17:33
2530,1542,"SVA-USA VR-17S 17"" TFT LCD Display.",13,17/09/2020 17:33
2531,1929,Black Sony CD-RW 52x24x52x .,253,17/09/2020 17:33
2532,1363,Combo Intel P4 2.4ghz CPU + Fan(BOx) w/ Intel D845PESV P4 M/B Socket 478.,108,17/09/2020 17:33
2533,1266,Combo Intel Celeron 1.1Ghz (Box)Tulatin core Biostar M6VLR m/b (Free AMR Modem.),120,17/09/2020 17:33
2534,1179,512MB DDR400 PC3200 Kingston(KVR400X64C25/512 ),226,17/09/2020 17:33
2535,633,Combo Intel P4 1.8Ghz retail CPU + Gigabyte GA-8IE533 M/B + Fan.,275,17/09/2020 17:33
2536,621,AMD XP 2000+ & Gigabyte GA-7VKMLE MB w/ 313M Color Case. W/ Free PS2 Mouse.,255,17/09/2020 17:33
2537,1191,LG 52x24x52x CD-RW (OEM).,271,17/09/2020 17:33
2538,2301,313H ATX 400w Case W/ case Fan P4/P3/AMD.,352,17/09/2020 17:33
2539,1427,Intel P3 1.13 GMhz FC-PGA 256KB PC133 OEM,157,17/09/2020 17:33
2540,2245,ATI Radeon 9600 256MB DVI+CRT+TV 8X .,70,17/09/2020 17:33
2541,1917,AMD XP 2500+ & GigaByte GA-7VT600L MB w/ 313M case. Free PS2 Mouse.,330,17/09/2020 17:33
2542,825,ATI Radeon 9800 Pro 128MB Gold Edition.,259,17/09/2020 17:33
2543,2411,Gigabyte GA-8IE800 Intel®845E Chipset.,129,17/09/2020 17:33
2544,1904,Combo AMD XP 2000+ CPU; Gigabyte GA-7VA M/B.,216,17/09/2020 17:33
2545,1425,Combo AMD XP 3000+ Barton CPU ASUS A7N8X Deluxe NVIDIA Force2,497,17/09/2020 17:33
2546,2111,CyberPower 525VA(525SL),233,17/09/2020 17:33
2547,914,Combo Intel P4 1.8Ghz retail CPU + Gigabyte GA-8IE533 M/B + Fan.,109,17/09/2020 17:33
2548,1757,Double RJ45 Surface Mount,248,17/09/2020 17:33
2549,1722,AMD XP 1900+ OEM,58,17/09/2020 17:33
2550,461,CyberPower Surge Protector 850 with 8 Outlet.,498,17/09/2020 17:33
2551,544,312J ATX Case with 400W P4/P3/AMD PS,254,17/09/2020 17:33
2552,2548,313M ATX color Case blue 300W P4 w/ front USB & case fan,146,17/09/2020 17:33
2553,1887,Combo Intel Celeron 1.7G Gigabyte MB GA-8LS533,338,17/09/2020 17:33
2554,1870,ATI Radeon 7000 32MB DDR TV-Out&DVI,14,17/09/2020 17:33
2555,1420,Combo Intel Celeron 1.7Ghz retail CPU + Gigabyte GA-8ID533 M/B + Fan.,62,17/09/2020 17:33
2556,94,Combo AMD XP 2700+ CPU; Gigabyte GA-7VA M/B(W/8X AGP;DDR333 up to 3GB/ATA133 ) +Fan.,144,17/09/2020 17:33
2557,1011,Gigabyte GA-8ID533 Socket 478 Intel®,177,17/09/2020 17:33
2558,1329,Combo Intel P4 2.4ghz CPU + Fan(BOx) FSB800 with Hyper Threading w/ Gigabyte 8IPE1000 Pro MotherBoard(Intel 865G chipset Support FSB800).,74,17/09/2020 17:33
2559,483,Gigabyte GA-8IE533 Intel®845E Chipset,493,17/09/2020 17:33
2560,1977,312J ATX color case(translucent blue) with 400Watt P4/P3/AMD Ready PS.,320,17/09/2020 17:33
2561,847,US Robotics 56K V.90 PCI Modem with Voice,455,17/09/2020 17:33
2562,545,Gigabyte GA-8IRXP ATA133 + onboard Raid + USB2.0 + Lan,158,17/09/2020 17:33
2563,787,AMD XP 2000+ & Gigabyte GA-7VKML MB w/ 313M case W/ Free PS2 Mouse.,120,17/09/2020 17:33
2564,1851,Intel P4 1;6Ghz Bare Bone CPU & Fan;,485,17/09/2020 17:33
2565,512,WD Caviar 20.0G 7200rpm Hard Drive,130,17/09/2020 17:33
2566,2418,Intel Celeron 1.8ghz & Gigabyte GA-8LD533 MB w/ 313N Case. W/ Free PS2 Mouse.,87,17/09/2020 17:33
2567,77,Wireless Access Point Router with 4-Port Switch - Version 3.2 (BEFW11S4),323,17/09/2020 17:33
2568,2020,GA-SINXP1394(GA-8SQ800 Ultra2) (SiS 655 Chipset) w/ Pentium 4 2.4 Ghz (Box CPU),343,17/09/2020 17:33
2569,1162,Visioneer 5800 48bit USB Scanner XP compatable,322,17/09/2020 17:33
2570,981,Combo AMD XP 2000+ cpu Gigabyte GA-7VKMLS m/b fan.,451,17/09/2020 17:33
2571,2284,Biostar M7VKQ Pro Skt A MotherBoard w/ OnBoard Video/sound/Lan.,1,17/09/2020 17:33
2572,469,AMD XP 2500+ FBS 333 & GigaByte GA-7VA MB w/ 313M case. Free PS2 Mouse.,438,17/09/2020 17:33
2573,1332,Cyber Power 1250VA Back Up.,414,17/09/2020 17:33
2574,636,Maxtor 40G 7200RPM ATA133,317,17/09/2020 17:33
2575,2107,313B Black 300W P4/AMD Fan&USB .,325,17/09/2020 17:33
2576,2110,ATI Radion 7000 64Mb SD CRT+TV-Out,375,17/09/2020 17:33
2577,2210,ATI Radeon 9800 Pro 128MB Gold Edition.,196,17/09/2020 17:33
2578,1990,Mircosoft Ergonomic Keyboard and Mouse Set.,222,17/09/2020 17:33
2579,2400,312D ATX color case(translucent blue) with 300Watt P4/P3/AMD Support PowerSupply.,12,17/09/2020 17:33
2580,75,White RF Wireless Keyboard Track Ball .(PS/2 Connector),332,17/09/2020 17:33
2581,1899,Gigabyte GA 7DPXDW-c Dual AMD server board,36,17/09/2020 17:33
2582,139,AMD XP 2700+ Retail box. (with 333Mhz Front Side Bus),447,17/09/2020 17:33
2583,521,Fast Ethernet 10/100 8 port switching hub,147,17/09/2020 17:33
2584,609,ASUS A7N8X Deluxe NVIDIA Force2 w/ AMD XP 2700+ CPU.,344,17/09/2020 17:33
2585,54,PS2 2 Button Mouse,83,17/09/2020 17:33
2586,1294,KIT with Mistumi Internet Keyboard & Optical Mouse & 54X CDrom to match Black case .,65,17/09/2020 17:33
2587,1944,9011 ATX Mid Server Case 450W w/3 case fans,15,17/09/2020 17:33
2588,2050,Intel D875PBZ M/B onboard S-ATA 150 + Intel Pentium 4 3.0Ghz; 800MHz FSB; Fan; Retail Box CPU/MB.,375,17/09/2020 17:33
2589,2005,GigaByte 7N400Pro AntecCase+AMDXP2700,497,17/09/2020 17:33
2590,1805,ATI RADEON 9200? SE 128M DDR DVI+TV-Out 8X AGP (R92LE-C3S).,284,17/09/2020 17:33
2591,1235,CoolerMaster Thermal Compound High Performance. HTK-001,482,17/09/2020 17:33
2592,1326,Combo AMD XP 1800+ cpu Gigabyte GA-7VKMLE m/b fan.,167,17/09/2020 17:33
2593,1863,AMD XP 2200+ Retail box.,211,17/09/2020 17:33
2594,1104,Intel Pentium4 1.7ghz & Gigabyte 8ID533 MB w/ 313N Case. W/ Free PS2 Mouse.,54,17/09/2020 17:33
2595,2411,CNet External 56k V.92 Fax modem (Serial).,395,17/09/2020 17:33
2596,633,Flat Panel Speakers Boka-206,373,17/09/2020 17:33
2597,1085,Intel Pentium4 1.8ghz & Gigabyte GA-8LD533 MB w/ 313N Case. W/ Free PS2 Mouse.,240,17/09/2020 17:33
2598,405,Black LG Electronics CD-RW 48x12x48x / DVD 16x Combo Drive.,474,17/09/2020 17:33
2599,2234,Combo Intel Celeron 1.1 Ghz (Box)w/Fan + Biostar M6VLQ skt 370 M/B (With / Video;sound),24,17/09/2020 17:33
2600,2164,Pentiume 4 3.0Ghz 800FSB/512M/80G Black Complete System.,469,17/09/2020 17:33
2601,1535,Creative Sound Blaster LIVE 5.1 (OEM - SB0220 ).,494,17/09/2020 17:33
2602,261,Mitsumi 1.44 Floppy Drive,463,17/09/2020 17:33
2603,953,CNet External 56k V.92 Fax modem (Serial).,28,17/09/2020 17:33
2604,2057,Sony 48x24x40 and 16x CD-RW/DVD OEM.,449,17/09/2020 17:33
2605,1587,256Mb DDRam PC2100 Kingston,140,17/09/2020 17:33
2606,39,256Mb DDR 333 PC2700 (samsung),222,17/09/2020 17:33
2607,1066,YS Intel P4 2.0Ghz POWER SYSTEM,453,17/09/2020 17:33
2608,1163,Mitsumi PS/2 Net scroll 5 button mouse,300,17/09/2020 17:33
2609,1906,GA-7N400 Pro nForce 2 Ultra400 chipset.,500,17/09/2020 17:33
2610,2152,8 inch Neon blue lamp,481,17/09/2020 17:33
2611,878,8012 Black case with 400W Powersupply.,257,17/09/2020 17:33
2612,896,Combo Intel P4 3.06ghz CPU + Fan(BOx)with Hyper Threading w/ Gigabyte 8IPE1000 Pro MotherBoard.,261,17/09/2020 17:33
2613,962,Intel Pentium4 1.9ghz & Biostar U8668 MB w/ 313N Case. W/ Free CNR 56k & PS2 Mouse.,459,17/09/2020 17:33
2614,604,Combo AMD XP 2200+ CPU; Gigabyte GA-7N400Pro M/B(W/DDR400 up to 3GB/ATA133 Raid/USB2.0) +Fan.,10,17/09/2020 17:33
2615,2608,313N-B ATX case 300W P4/AMD Free Fan and 2 Front USB.,386,17/09/2020 17:33
2616,1228,Sony 48x24x48 and 16x CD-RW/DVD OEM.,358,17/09/2020 17:33
2617,130,Intel Pentium4 1.6Ghz & Biostar M7TDB MB w/ 313M Case.,427,17/09/2020 17:33
2618,2202,ADS External USB 2.0 Drive Kit,438,17/09/2020 17:33
2619,1110,256Mb DDR 333 PC2700 (samsung),350,17/09/2020 17:33
2620,38,512Mb SDRam PC133,223,17/09/2020 17:33
2621,230,W.D 80.0Gb 7200rpm ATA100 (WD800BB),318,17/09/2020 17:33
2622,735,Intel P3 1.13 GMhz FC-PGA 256KB PC133 OEM,320,17/09/2020 17:33
2623,810,Cyber Power 325SL Battery Back Up,359,17/09/2020 17:33
2624,2438,Biostar Mini BareBone PC > iDEQ 200N.,201,17/09/2020 17:33
2625,1679,Cyber Power 725VA Battery Back Up,65,17/09/2020 17:33
2626,1106,AMD XP 2100+ (Box) & Gigabyte GA-7VKMLE MB w/ 313M Color Case. W/ Free PS2 Mouse.,18,17/09/2020 17:33
2627,43,Combo Intel P4 3.06ghz CPU + Fan(BOx)with Hyper Threading w/ Intel D845PESV P4 M/B DDR-333 support.,475,17/09/2020 17:33
2628,131,313B Black 300W P4/AMD Fan&USB .,221,17/09/2020 17:33
2629,2454,10/100 16 Port Switch,169,17/09/2020 17:33
2630,2443,OptoRite 48X16X48X CDRW Retail Box,344,17/09/2020 17:33
2631,2194,AMD XP 2200+ & GigaByte GA-7VA MB w/ 313M case. Free PS2 Mouse.,293,17/09/2020 17:33
2632,1478,AMD XP 2500+ Barton Retail Box (with 333Mhz Front Side Bus w/ 512k Cache).,472,17/09/2020 17:33
2633,1249,Combo AMD XP 2600+ CPU; Gigabyte GA-7VR M/B(W/DDR333 up to 3GB/ATA133) .,270,17/09/2020 17:33
2634,731,Combo AMD XP 2500+ Barton CPU ASUS A7N8X Deluxe NVIDIA Force2,484,17/09/2020 17:33
2635,2219,Boka 306 Sub Woofer Flat Speaker system,168,17/09/2020 17:33
2636,29,Intel Pentium4 1.8ghz & Intel D845PESV MB w/ 313N Case. W/ Free PS2 Mouse.,333,17/09/2020 17:33
2637,1508,Biostar M7VKD-Pro AMD Skt A M/B VIA KT133 / 686B 266/200 Mhz FSB SD Ram ATA100(30 day D.O.A Warranty),260,17/09/2020 17:33
2638,1109,AMD XP 2500+ Barton CPU ASUS A7N8X Deluxe NVIDIA Force2 w/ Antec Performance plus II 1040B Case.,213,17/09/2020 17:33
2639,1420,"AOC 19"" Monitor .26 9GLR",457,17/09/2020 17:33
2640,1850,AMD XP 1900+ & Gigabyte GA-7DXE MB w/ 313M Case,113,17/09/2020 17:33
2641,1040,Intel Pentium4 1.6Ghz & Biostar M7TDB MB w/ 313M Case.,424,17/09/2020 17:33
2642,2210,Intel Pentium4 2.4ghz & Intel D845PESV MB w/ 313M Case. W/ Free PS2 Mouse.,386,17/09/2020 17:33
2643,2091,Combo AMD XP 2000+ CPU; Gigabyte GA-7N400Pro M/B(W/DDR400 up to 3GB/ATA133 Raid/USB2.0) +Fan.,303,17/09/2020 17:33
2644,867,Biostar M7VKG M/B up to 32Mb Video (30 day D.O.A Warranty),47,17/09/2020 17:33
2645,1854,Combo AMD XP 1900+ cpu Gigabyte GA-7ZXE Motherboard + Fan,105,17/09/2020 17:33
2646,315,Combo AMD XP 2500+ CPU; Gigabyte GA-7N400L M/B(W/DDR400 up to 3GB/ATA133 USB2.0) +Fan.,208,17/09/2020 17:33
2647,2397,312D ATX translucent blue color case with 300W P4/AMD with(front USB ready) .,444,17/09/2020 17:33
2648,827,Combo AMD Duron 1.3Ghz Biostar M7VIG-Pro Skt A MotherBoard w/ OnBoard Video/sound/Lan.,90,17/09/2020 17:33
2649,2391,Seagate 60GB 7200rpm EIDE Hard Drive Barracuda V ST360015A (OEM).,414,17/09/2020 17:33
2650,555,312D ATX color case(translucent blue) with 250Watt P4/P3/AMD Ready PS.,290,17/09/2020 17:33
2651,385,ADS USB2000 USB Turbo 2.0 pci Controller card,56,17/09/2020 17:33
2652,357,AMD XP 2000+ & Biostar M7VIG-Pro MB w/ 313M case. Free PS2 Mouse.,483,17/09/2020 17:33
2653,818,ATI Radeon 7000 32MB DDR PCI CRT+DVI+TV.,455,17/09/2020 17:33
2654,2309,128Mb SDRAM PC133 Micron;Lifetime Warranty! We offer a 100% Compatibility Guarantee. 7.5ns PC133,482,17/09/2020 17:33
2655,2605,Combo Intel P4 1.7ghz CPU + Fan(Box);Biostar M7SXF P4 478pin M/B Support DDR DIMM,133,17/09/2020 17:33
2656,2215,Black OptoRite 48X16X48X CD-RW Retail Box(Includes Nero 5.5 software and audio & IDE Cable ).,104,17/09/2020 17:33
2657,1765,ATI Radion 7000 64Mb SD CRT+TV-Out,94,17/09/2020 17:33
2658,1920,ADS Technologies Firewire External Drive.,492,17/09/2020 17:33
2659,1725,Cyber Power 725VA Battery Back Up,382,17/09/2020 17:33
2660,2632,Combo Intel Celeron 1.1Ghz (Box)Tulatin core Biostar M6VLR m/b (Free AMR Modem.),104,17/09/2020 17:33
2661,926,AMD XP 2500+ Barton CPU ASUS A7N8X Deluxe NVIDIA Force2 w/ Antec Performance plus II 1040B Case.,260,17/09/2020 17:33
2662,2596,Intel Celeron 2.0Ghz/128M/30G Black Complete System.,279,17/09/2020 17:33
2663,1974,Combo AMD XP 2700+ CPU; Gigabyte GA-7VA M/B(W/8X AGP;DDR333 up to 3GB/ATA133 ) +Fan.,166,17/09/2020 17:33
2664,123,Gigabyte GA-6VEML skt 370 M/B (With onboard sound and Video and Realtek Lan),316,17/09/2020 17:33
2665,1021,Front panel USB kit (for 312J and 312D Case),259,17/09/2020 17:33
2666,657,312B ATX Case with 250W P4/P3/AMD PS.,238,17/09/2020 17:33
2667,2052,AMD XP2000+ Biostar M7VKQ Pro,473,17/09/2020 17:33
2668,2435,Testing of CPU/Fan and Motherboard.,447,17/09/2020 17:33
2669,1034,Combo AMD XP 2500+ CPU; Gigabyte GA-7N400L M/B(W/DDR400 up to 3GB/ATA133 USB2.0) +Fan.,146,17/09/2020 17:33
2670,2587,313H ATX 400w Case W/ case Fan P4/P3/AMD.,152,17/09/2020 17:33
2671,1786,6072-1 case with side window 400W Powersupply.,409,17/09/2020 17:33
2672,2169,312B ATX Case (No Power Supply),60,17/09/2020 17:33
2673,1843,Pentiume 4 1.8Ghz/128M/30G Black Complete System.,107,17/09/2020 17:33
2674,2266,Achieve Gold Dual Fan 550Watt PowerSupply.,442,17/09/2020 17:33
2675,2136,ASUS A7N8X Deluxe NVIDIA Force2 .,235,17/09/2020 17:33
2676,231,AMD Duron 1.2Ghz OEM,328,17/09/2020 17:33
2677,1551,Mitsumi DW-7801TE DVD Duplicator/Burner.,382,17/09/2020 17:33
2678,1814,Biostar M6TWL skt 370 Motherboard. (D.O.A 30 days),182,17/09/2020 17:33
2679,176,AMD XP 1600+ CPU (OEM),424,17/09/2020 17:33
2680,1512,Combo AMD XP 2400+ CPU; Gigabyte GA-7N400Pro M/B(W/DDR400 up to 3GB/ATA133 Raid/USB2.0) +Fan.,68,17/09/2020 17:33
2681,1864,GeForceFX 5200 128MB DDR (Light Version) DVI + TV-out and software DVD.,215,17/09/2020 17:33
2682,2407,Combo AMD XP 2100+ (Box CPU); Gigabyte GA-7N400Pro M/B(W/DDR400 up to 3GB/ATA133 Raid/USB2.0) +Fan.,407,17/09/2020 17:33
2683,726,Intel Pentium4 1.8ghz & Gigabyte GA-8LD533 MB w/ 313N Case. W/ Free PS2 Mouse.,254,17/09/2020 17:33
2684,552,Cooler Master Copper HEAT PIPE Cooler. HHC-001,70,17/09/2020 17:33
2685,794,GA-7N400L nForce 2 Ultra400 chipset.,342,17/09/2020 17:33
2686,1622,Combo Intel P4 1.8Ghz retail CPU + Gigabyte GA-8ID533 M/B + Fan.,195,17/09/2020 17:33
2687,19,Boka 1050 Sub Woofer and Speakers,437,17/09/2020 17:33
2688,936,Combo Intel P4 1.6Ghz retail CPU + Gigabyte GA-8ID533 M/B + Fan.,186,17/09/2020 17:33
2689,235,LABTEC Internet Keyboard (Spanish Edition).,0,17/09/2020 17:33
2690,334,Combo Intel P4 1.8ghz CPU + Fan(BOx) w/ Biostar U8668 P4 M/B Socket 478 Support SD.,38,17/09/2020 17:33
2691,455,AMD XP 2000+ & Gigabyte GA-7DXE MB w/ 313M Case W/ Free PS2 Mouse.,266,17/09/2020 17:33
2692,1832,Creative Inspire 2.1 2500 surround sound,221,17/09/2020 17:33
2693,1104,KIT Keyboard Mouse and Speakers to match Black cases.,481,17/09/2020 17:33
2694,2251,SIS Xabre200 64MB DDR AGP 8X DVI+TV+CRT by Power Color,486,17/09/2020 17:33
2695,1340,White RF Wireless Keyboard Track Ball .(PS/2 Connector),309,17/09/2020 17:33
2696,2659,Microsoft Wireless Optical Desktop .,91,17/09/2020 17:33
2697,509,Seagate 40GB 5400RPM ATA100,196,17/09/2020 17:33
2698,2628,Intel Pentium4 2.4ghz & Gigabyte GA-8IE800 MB w/ 313N Case. W/ Free PS2 Mouse.,70,17/09/2020 17:33
2699,2264,Biostar M6TWL skt 370 Motherboard. (D.O.A 30 days),122,17/09/2020 17:33
2700,117,Combo AMD XP 2600+ CPU; Gigabyte GA-7N400Pro M/B(W/DDR400 up to 3GB/ATA133 Raid/USB2.0) +Fan.,269,17/09/2020 17:33
2701,152,AMD XP 1800+ Box CPU and Fan,300,17/09/2020 17:33
2702,1084,512Mb DDRam PC2100 (one piece) Micron,27,17/09/2020 17:33
2703,1927,CoolerMaster Thermal Compound Premium PTK-001.,2,17/09/2020 17:33
2704,2277,AMD Server Solution YS XP2000+ 266 FSB Raid Server,10,17/09/2020 17:33
2705,722,ATA 100 RAID controller card,317,17/09/2020 17:33
2706,2363,512Mb DDR 333 PC2700 (samsung),278,17/09/2020 17:33
2707,1295,AMD XP 2700+ & Gigabyte 7N400Pro w/ 313M case . W/ Free PS2 Mouse.,263,17/09/2020 17:33
2708,1909,Gigabyte GA-8ID533 Socket 478 Intel®,362,17/09/2020 17:33
2709,2464,Combo Intel Celeron 1.8Ghz (Box CPU)+ Biostar U8668D m/b (478pin)CPU & Fan Support .,320,17/09/2020 17:33
2710,613,Biostar M7VKB Ver2.0 ATA100 socket A (w/30 day limit warranty),203,17/09/2020 17:33
2711,2350,Wireless Access Point Router with 4-Port Switch - Version 3.2 (BEFW11S4),50,17/09/2020 17:33
2712,1317,AMD 1.3Ghz BareBone System Free Mouse,445,17/09/2020 17:33
2713,2625,Achieve Gold Dual Fan 550Watt PowerSupply.,127,17/09/2020 17:33
2714,708,ATA 100 Controller Card PCI,198,17/09/2020 17:33
2715,1222,ATI Radeon 7000 VIVO 64mb DDR AGP .,182,17/09/2020 17:33
2716,69,AMD 1.1Ghz Starter Series / Work Station.,28,17/09/2020 17:33
2717,989,ADS Firewire Web Cam (20X faster than USB),42,17/09/2020 17:33
2718,1223,Cooler Master Round Floppy Cable. PTC-F18,11,17/09/2020 17:33
2719,1655,313D Black 400W P4/AMD 2xUSB,25,17/09/2020 17:33
2720,2354,"14""/15"" Filter Screen",380,17/09/2020 17:33
2721,1492,AMD XP 2500+ & Gigabyte 7N400Pro w/ 313M case . W/ Free PS2 Mouse.,111,17/09/2020 17:33
2722,2585,Combo AMD XP 2500+ CPU; Gigabyte GA-7VT600L M/B(W/DDR400 up to 3GB/ATA133 Raid/USB2.0) +Fan.,352,17/09/2020 17:33
2723,704,Intel Celeron 1.7ghz & Gigabyte GA-8LS533 MB w/ 313M Case. W/ Free PS2 Mouse.,399,17/09/2020 17:33
2724,53,Combo AMD XP 1700+ cpu Gigabyte GA-7DXE Motherboard + Fan,395,17/09/2020 17:33
2725,1982,Windows XP Pro Registered OEM,424,17/09/2020 17:33
2726,1284,Gigabyte GA-8IRXP ATA133 + onboard Raid + USB2.0 + Lan,294,17/09/2020 17:33
2727,434,Biostar M7VKB Ver2.0 ATA100 socket A (w/30 day limit warranty),8,17/09/2020 17:33
2728,922,AMD XP 1900+ & Gigabyte GA-7VKML MB w/ 313M case,11,17/09/2020 17:33
2729,2376,Intel Pentium4 2.0ghz & Gigabyte 8ID533 MB w/ 313N Case. W/ Free PS2 Mouse.,440,17/09/2020 17:33
2730,1062,AMD XP 2500+ Barton CPU ASUS A7N8X Deluxe NVIDIA Force2 w/ Antec Performance plus II 1040B Case.,455,17/09/2020 17:33
2731,228,AMD XP 1900+ & Gigabyte GA-7ZXE MB w/ 313M Case,422,17/09/2020 17:33
2732,128,Microsoft Office 2000 Small Biz edition,405,17/09/2020 17:33
2733,758,ATI Radion 7000; 64Mb DDR AGP +CRT+DVI+TV,345,17/09/2020 17:33
2734,511,AMD XP 2100+ & GigaByte GA-7VA MB w/ 313M case. Free PS2 Mouse.,453,17/09/2020 17:33
2735,1674,MicroSoft Windows Server 2003 W/ 10 Licenses.,57,17/09/2020 17:33
2736,1285,Epson Stylus C42UX - C11C482001.,461,17/09/2020 17:33
2737,706,Visioneer 5800 48bit USB Scanner XP compatable,443,17/09/2020 17:33
2738,1296,Combo Intel Celeron 1.7Ghz retail CPU + Gigabyte GA-8ID533 M/B + Fan.,146,17/09/2020 17:33
2739,2265,AMD Duron 1.3MHz & Biostar M7VIG-Pro MB w/ 312D case. Free PS2 Mouse.,224,17/09/2020 17:33
2740,223,3Com 905cx-txm NIC (Network Interface Card),36,17/09/2020 17:33
2741,1779,Combo Intel P4 1.8ghz CPU + Fan(BOx) w/ Intel D845PESV P4 M/B Socket 478.,74,17/09/2020 17:33
2742,362,2 Year Warranty On MotherBoards.,164,17/09/2020 17:33
2743,1930,4 Port USB 2.0 High-Speed PCI Card,176,17/09/2020 17:33
2744,430,Intel Celeron 1.1Ghz CPU Box (256K cache)PPGA2,495,17/09/2020 17:33
2745,2657,512MB DDR400 PC3200 Kingston(KVR400X64C25/512 ),72,17/09/2020 17:33
2746,526,128Mb SDRam PC133 Kingston,200,17/09/2020 17:33
2747,1563,312D ATX color case translucent blue(No PowerSupply).,209,17/09/2020 17:33
2748,780,Intel Pentium4 2.4ghz & Gigabyte 8IRX MB w/ 313M Case.,24,17/09/2020 17:33
2749,1787,Intel Celeron 1.1Ghz & Gigabyte GA6VEML MB w/ 312D Color Case. W/ Free PS2 Mouse.,243,17/09/2020 17:33
2750,1875,ADS Technologies Firewire External Drive.,104,17/09/2020 17:33
2751,313,Biostar M7VIK SKT A AMD® DDR400 AGP 8x ;onboard Raid & Sound & 1394 .,283,17/09/2020 17:33
2752,1779,AMD Duron 1.3Ghz & Gigabyte GA-7VKMLE MB w/ 312D Color Case. W/ Free PS2 Mouse.,242,17/09/2020 17:33
2753,629,AMD Duron 1.3Ghz & Gigabyte GA-7VKMLE MB w/ 312D Color Case. W/ Free PS2 Mouse.,380,17/09/2020 17:33
2754,97,313B Black 400W P4/AMD Fan&USB,245,17/09/2020 17:33
2755,613,Intel Pentium4 1.9ghz & Biostar U8668 MB w/ 313N Case. W/ Free CNR 56k & PS2 Mouse.,178,17/09/2020 17:33
2756,2683,Boka 2000 Sub Woofer Speaker System,73,17/09/2020 17:33
2757,1292,Combo AMD XP 1800+ cpu Gigabyte GA-7VKMLE m/b fan.,310,17/09/2020 17:33
2758,1301,Combo Intel Celeron 1.1Ghz (Box)Tulatin core Biostar M6VLR m/b (Free AMR Modem.),162,17/09/2020 17:33
2759,2755,Double RJ45 Surface Mount,180,17/09/2020 17:33
2760,306,Combo AMD XP 1900+ cpu Gigabyte GA-7ZXE Motherboard + Fan,417,17/09/2020 17:33
2761,1469,YS Intel P4 2.0Ghz POWER SYSTEM,474,17/09/2020 17:33
2762,437,CyberPower 1500VA UPS Upto 135 minutes,489,17/09/2020 17:33
2763,1248,Western Digital 20GB 5400RPM ATA100,299,17/09/2020 17:33
2764,460,Combo Intel P4 2.4Ghz retail CPU + Gigabyte GA-8IE800 M/B + Fan.,83,17/09/2020 17:33
2765,835,PCI 56K V.92 Fax Modem,30,17/09/2020 17:33
2766,44,Combo AMD XP 1900+ cpu Gigabyte GA-7VKMLS m/b fan.,163,17/09/2020 17:33
2767,728,Combo Intel P4 3.06ghz CPU + Fan(BOx)with Hyper Threading w/ Gigabyte 8IPE1000 Pro MotherBoard.,19,17/09/2020 17:33
2768,965,500W P4 Dual Fan Codegen Power supply.,31,17/09/2020 17:33
2769,2383,WD Caviar 20.0G 7200rpm Hard Drive,499,17/09/2020 17:33
2770,2614,Combo Intel Celeron 1.2Ghz Biostar M6VLR m/b fan (Free AMR Modem.),427,17/09/2020 17:33
2771,2694,312B ATX Case with 250W P4/P3/AMD PS.,78,17/09/2020 17:33
2772,1421,KIT with Mistumi Internet Keyboard & Optical Mouse & 54X CDrom to match Black case .,363,17/09/2020 17:33
2773,2305,ADS Firewire Web Cam (20X faster than USB),427,17/09/2020 17:33
2774,1886,Visioneer 5800 48bit USB Scanner XP compatable,84,17/09/2020 17:33
2775,1081,312B ATX Case (No Power Supply),277,17/09/2020 17:33
2776,357,Mitsumi DW-7801TE DVD Duplicator/Burner.,120,17/09/2020 17:33
2777,644,Cooler Master Ball Bearing Case Fan,97,17/09/2020 17:33
2778,836,Combo Intel Celeron 1.1 Ghz (Box)w/Fan + Biostar M6VLQ skt 370 M/B (With / Video;sound),70,17/09/2020 17:33
2779,2150,Biostar M7VKD-Pro AMD Skt A M/B VIA KT133 / 686B 266/200 Mhz FSB SD Ram ATA100(30 day D.O.A Warranty),326,17/09/2020 17:33
2780,2102,AMD XP 2700+ Retail box. (with 333Mhz Front Side Bus),351,17/09/2020 17:33
2781,1662,Intel P4 1.8 Ghz CPU BOX (533Mhz),256,17/09/2020 17:33
2782,2697,AMD XP 1800+ & Gigabyte GA-7VR MB w/ 313N Case. W/ Free PS2 Mouse.,274,17/09/2020 17:33
2783,1885,Intel P3 1.13 GMhz FC-PGA 256KB PC133 OEM,217,17/09/2020 17:33
2784,2667,Intel Celeron 1.8Ghz 478 pin Box cpu + fan,457,17/09/2020 17:33
2785,981,Intel P4 1;6Ghz Box CPU (478pin)(256KB L2 Cache),383,17/09/2020 17:33
2786,1595,Intel Pentium4 1.8Ghz & Biostar U8668D MB w/ 313M case. W/ Free CNR 56k & PS2 Mouse.,162,17/09/2020 17:33
2787,1458,Seagate 120GB Serial ATA150 7200RPM.,127,17/09/2020 17:33
2788,2564,6066-C10 ATX Black Mid case 350W w/ 2 Front USB; 1 Mic; 1 Headset.,332,17/09/2020 17:33
2789,359,hp scanjet 5550c scanner series (C9919A) (Open Box).,480,17/09/2020 17:33
2790,1446,Combo AMD Duron 1.3Ghz Biostar M7VIG-Pro Skt A MotherBoard w/ OnBoard Video/sound/Lan.,171,17/09/2020 17:33
2791,415,AMD XP 1700+ & Gigabyte GA-7DXE MB w/ 313N Case. W/ Free PS2 Mouse.,361,17/09/2020 17:33
2792,61,Combo Intel P4 3.0ghz CPU + Fan(BOx) FSB800 with Hyper Threading w/ Gigabyte 8IPE1000 Pro MotherBoard(Intel 865G chipset Support FSB800).,270,17/09/2020 17:33
2793,1526,6066-C10 Black Computer case w/Window panel,406,17/09/2020 17:33
2794,1748,Combo AMD XP 2000+ Gigabyte GA-7VKML MB,392,17/09/2020 17:33
2795,2074,xAMD XP 1600+ Biostar M7VIB M/B + Cooler master fan,310,17/09/2020 17:33
2796,144,2 Year Warranty On Combo's.,161,17/09/2020 17:33
2797,871,Intel P3 1.13 GMhz FC-PGA 256KB PC133 OEM,231,17/09/2020 17:33
2798,2171,Biostar U8668D P4 uATX M/B (VIA P4M266 478pin) with AMR ;Support DDR and 533MhZ FSB; onboard Sound & Video & AGP Slot,24,17/09/2020 17:33
2799,945,Intel Celeron 1.1Ghz & Gigabyte GA6VEML MB w/ 312D Color Case. W/ Free PS2 Mouse.,458,17/09/2020 17:33
2800,1245,W.D 80.0Gb 7200rpm ATA100 (WD800BB),468,17/09/2020 17:33
2801,2685,Intel Celeron 1.8Ghz/128M/30G Black Complete System.,124,17/09/2020 17:33
2802,864,AMD XP 2000+ & Gigabyte GA-7VKMLE MB w/ 313M Color Case. W/ Free PS2 Mouse.,120,17/09/2020 17:33
2803,971,Combo AMD XP 2200+ CPU; Gigabyte GA-7VA M/B.,411,17/09/2020 17:33
2804,2558,US Robotics 56K V.90 PCI Modem with Voice,478,17/09/2020 17:33
2805,1252,GA-7VT600-L VIA KT600 chipset.,282,17/09/2020 17:33
2806,2355,AMD XP 2500+ FBS 333 & GigaByte GA-7VA MB w/ 313M case. Free PS2 Mouse.,108,17/09/2020 17:33
2807,2617,Combo Intel P4 1.6Ghz (Box CPU)+ Biostar U8668 m/b (478pin)CPU & Fan Support SD.,454,17/09/2020 17:33
2808,1265,Microsoft Internet Keyboard AND MOUSE,350,17/09/2020 17:33
2809,2492,LG 32x10x40 and 16x CD-RW/DVD OEM,372,17/09/2020 17:33
2810,923,Combo AMD XP 2600+ CPU; Gigabyte GA-7N400Pro M/B(W/DDR400 up to 3GB/ATA133 Raid/USB2.0) +Fan.,94,17/09/2020 17:33
2811,528,Combo Intel P4 1.8ghz CPU + Fan(BOx) w/ Intel D845PESV P4 M/B Socket 478.,150,17/09/2020 17:33
2812,2744,Seagate 40GB 5400RPM ATA100,425,17/09/2020 17:33
2813,2501,Intel Pentium4 1.7Ghz & Biostar M7TDB MB w/ 313M Case.,19,17/09/2020 17:33
2814,2744,313K 300W P4/AMD and Free Case Fan and 2 Front USB.,448,17/09/2020 17:33
2815,241,AMD XP 2500+ FBS 333 & GigaByte GA-7N400L MB w/ 313M case. Free PS2 Mouse.,459,17/09/2020 17:33
2816,2433,Creative Inspire 2.1 2500 surround sound,332,17/09/2020 17:33
2817,535,AMD XP 1800+ & Biostar M7VKQ Pro MB w/ 313M Case. W/ PS2 Mouse.,324,17/09/2020 17:33
2818,847,256Mb SDRam PC133 Kingston,166,17/09/2020 17:33
2819,2459,AMD XP 2200+ & Gigabyte 7DXE w/ 313M case . W/ Free PS2 Mouse.,395,17/09/2020 17:33
2820,2597,Combo AMD XP 1800+ CPU; Gigabyte GA-7VA M/B.,369,17/09/2020 17:33
2821,2738,ATI Radeon 7000 32MB DDR TV-Out&DVI,404,17/09/2020 17:33
2822,1728,Combo AMD XP 2200+ CPU; Gigabyte GA-7VA M/B.,27,17/09/2020 17:33
2823,1126,AMD XP 2700+ Retail box. (with 333Mhz Front Side Bus),215,17/09/2020 17:33
2824,882,Combo AMD XP 1900+ cpu Gigabyte GA-7DXE Motherboard + Fan,162,17/09/2020 17:33
2825,1190,MITSUMI 54X CD-Rom Black.,472,17/09/2020 17:33
2826,981,AMD XP 1800+ & Gigabyte GA-7DXE MB w/ 313M Case W/ Free PS2 Mouse.,13,17/09/2020 17:33
2827,1545,AMD Duron 1.3 Ghz (Oem),131,17/09/2020 17:33
2828,1697,Combo AMD Duron 1.2Ghz Biostar M7VIG-Pro Skt A MotherBoard w/ OnBoard Video/sound/Lan.,118,17/09/2020 17:33
2829,260,312B ATX Case with 250W P4/P3/AMD PS.,446,17/09/2020 17:33
2830,2667,Intel Pentium4 2.0ghz & Gigabyte 8IE533 MB w/ 313N Case. W/ Free PS2 Mouse.,22,17/09/2020 17:33
2831,176,Maxtor 40Gb ATA100 5400rpm H/D,67,17/09/2020 17:33
2832,991,ATI RADEON 9200? SE 128M DDR DVI+TV-Out 8X AGP (R92LE-C3S).,140,17/09/2020 17:33
2833,1695,Combo AMD XP 2500+ CPU; Gigabyte GA-7N400Pro M/B(W/DDR400 up to 3GB/ATA133 Raid/USB2.0) +Fan.,87,17/09/2020 17:33
2834,2686,AMD XP 2200+ Retail box.,358,17/09/2020 17:33
2835,230,Intel Pentium4 3.0ghz & Asus P4C800 MB w/ Antec Performance Plus II 1040B Case.,432,17/09/2020 17:33
2836,801,CyberPower 525VA(525SL),142,17/09/2020 17:33
2837,2828,AMD XP 1800+ & Biostar M7VKQ Pro MB w/ 313M Case. W/ PS2 Mouse.,172,17/09/2020 17:33
2838,1580,Intel D845PEBT2 M/B onboard Raid and S-ATA .,5,17/09/2020 17:33
2839,896,Black Mitsumi CD-RW 52x24x52x.,433,17/09/2020 17:33
2840,207,Audio Cable.,334,17/09/2020 17:33
2841,443,Intel Pentium4 1.7ghz & Gigabyte 8ID533 MB w/ 313N Case. W/ Free PS2 Mouse.,193,17/09/2020 17:33
2842,438,312J ATX Case with 400W P4/P3/AMD PS,182,17/09/2020 17:33
2843,1914,Logitech Cordless Elite Duo Optical Kit(KB/MS),422,17/09/2020 17:33
2844,1319,Antec PFII Series 1040BII 400W PSU.,289,17/09/2020 17:33
2845,2837,Intel Pentium4 1.6Ghz & Biostar M7TDB MB w/ 313M Case.,93,17/09/2020 17:33
2846,347,Intel D845WN 478Pin SDRAM retail Box,173,17/09/2020 17:33
2847,795,AMD 1.3Ghz BareBone System Free Mouse,266,17/09/2020 17:33
2848,920,Intel D875PBZ M/B onboard S-ATA 150 + Intel Pentium 4 2.4Ghz; 800MHz FSB; Fan; Retail Box CPU/MB.,301,17/09/2020 17:33
2849,501,313F-B ATX case 400W P4/AMD Free LED Fan.,30,17/09/2020 17:33
2850,2363,Combo AMD MP 1500+ Gigabyte GA-7DPXDW Dual CPU M/B +Fan (one cpu only),450,17/09/2020 17:33
2851,71,Combo AMD XP 1900+ cpu Gigabyte GA-7DXE Motherboard + Fan,253,17/09/2020 17:33
2852,980,Cyber Power 1250VA Back Up.,6,17/09/2020 17:33
2853,354,"AOC 17"" Monitor 7Elr .27mm Dot Pitch",173,17/09/2020 17:33
2854,1794,Combo AMD XP 2200+( Box cpu) Gigabyte GA-7DXE.,63,17/09/2020 17:33
2855,1954,AMDXP2400/128M/30G Black Complete System.,30,17/09/2020 17:33
2856,2735,Intel Pentium4 2.0ghz & Gigabyte GA-8LS533 MB w/ 313N Case. W/ Free PS2 Mouse.,307,17/09/2020 17:33
2857,2518,Combo Intel Celeron 1.8Ghz (Box CPU)+ Biostar U8668D m/b (478pin)CPU & Fan Support .,29,17/09/2020 17:33
2858,2162,Combo Intel P4 1.7ghz CPU + Fan(Box);Biostar M7SXF P4 478pin M/B Support DDR DIMM,326,17/09/2020 17:33
2859,1062,Pentiume 4 3.0Ghz 800FSB/512M/80G Black Complete System.,69,17/09/2020 17:33
2860,830,Biostar M6VLR skt 370 Motherboard,57,17/09/2020 17:33
2861,1009,"SVA-USA VR-17S 17"" TFT LCD Display.",300,17/09/2020 17:33
2862,548,AMD XP 1700+ & Gigabyte GA-7DXE MB w/ 313N Case. W/ Free PS2 Mouse.,270,17/09/2020 17:33
2863,2135,Combo Intel P4 1.8ghz CPU + Fan(BOx) w/ Intel D845PESV P4 M/B Socket 478.,168,17/09/2020 17:33
2864,759,Pentiume 4 1.8Ghz/128M/30G Black Complete System.,44,17/09/2020 17:33
2865,1157,ATI RADEON 9200? SE 128M DDR DVI+TV-Out 8X AGP (R92LE-C3S).,276,17/09/2020 17:33
2866,1966,AMD XP 2500+ & Gigabyte 7N400Pro w/ 313M case . W/ Free PS2 Mouse.,392,17/09/2020 17:33
2867,2496,Combo AMD XP 1700+ cpu Gigabyte GA-7DXE Motherboard + Fan,477,17/09/2020 17:33
2868,653,ASUS A7N8X Deluxe NVIDIA Force2 w/ AMD XP 2700+ CPU.,242,17/09/2020 17:33
2869,1658,Flat Panel Speakers Boka-206,252,17/09/2020 17:33
2870,2052,AMD XP 2200+ & Gigabyte 7N400Pro w/ 313M case . W/ Free PS2 Mouse.,168,17/09/2020 17:33
2871,1397,Combo Intel P4 1.6Ghz (Box CPU)+ Biostar U8668 m/b (478pin)CPU & Fan Support SD.,64,17/09/2020 17:33
2872,253,Creative Sound Blaster,349,17/09/2020 17:33
2873,1,BIOSTAR M6TSL skt370 m/b (30 day D.O.A Warranty),483,17/09/2020 17:33
2874,279,Combo Intel Celeron 1.8ghz Gigabyte GA-8LD533 m/b + fan.,368,17/09/2020 17:33
2875,388,10/100 REALTEK NETWORK CARD 8139 chipset RETAIL BOX,8,17/09/2020 17:33
2876,2702,OptoRite 48X16X48X CDRW Retail Box,112,17/09/2020 17:33
2877,2845,AMD XP 2000+ & GigaByte GA-7VT600L MB w/ 313M case. Free PS2 Mouse.,165,17/09/2020 17:33
2878,2443,LABTEC Internet Keyboard (Spanish Edition).,128,17/09/2020 17:33
2879,778,Combo AMD XP 2000+ CPU; Gigabyte GA-7VT600L M/B(W/DDR400 up to 3GB/ATA133 Raid/USB2.0) +Fan.,20,17/09/2020 17:33
2880,2455,313B Black 400W P4/AMD Fan&USB,422,17/09/2020 17:33
2881,2513,Combo AMD XP 2000+ Gigabyte GA-7VKML MB,455,17/09/2020 17:33
2882,966,313B Black 400W P4/AMD Fan&USB,329,17/09/2020 17:33
2883,2624,Creative Sound Blaster LIVE 5.1 (OEM - SB0220 ).,100,17/09/2020 17:33
2884,92,Gigabyte GA 7DPXDW-c Dual AMD server board,195,17/09/2020 17:33
2885,428,Dynatron MicroFin DC1206BM-l AMD Athlon/Duron Fan w/ Copper Base up to AMD XP (AMD APPROVED!) 3000+.,7,17/09/2020 17:33
2886,1014,Combo Intel P4 1.9Ghz (Box CPU)+ Biostar U8668 m/b (478pin)CPU & Fan Support SD.,234,17/09/2020 17:33
2887,81,Gigabyte GA-7DPXDW-P Dual AMD Server board w/RAID up to 4GB of Registered DDR memory,222,17/09/2020 17:33
2888,2442,ASUS P4C800 Deluxe Skt 478 Intel 875P (800MHZ FSB).,44,17/09/2020 17:33
2889,637,Combo AMD XP 2500+ Biostar M7VIK Skt A MotherBoard; KT400.,62,17/09/2020 17:33
2890,2072,Black RF Wireless Keyboard Track Ball .,425,17/09/2020 17:33
2891,602,AMD Server Solution YS XP2000+ 266 FSB Raid Server,53,17/09/2020 17:33
2892,2127,Combo Intel P4 2.4Ghz retail CPU + Gigabyte GA-8IE800 M/B + Fan.,211,17/09/2020 17:33
2893,1386,Intel D845PEBT2 P4 M/B DDR-333 & 533MHz FSB.,43,17/09/2020 17:33
2894,607,128Mb SDRam PC133 Kingston,6,17/09/2020 17:33
2895,559,Intel D875PBZ M/B onboard S-ATA 150 + Intel Pentium 4 3.0Ghz; 800MHz FSB; Fan; Retail Box CPU/MB.,204,17/09/2020 17:33
2896,414,Combo AMD Duron 1.1Ghz CPU and Cooler Fan w/Biostar M7VKQ-Pro M/b (Support DDR) and (Free Modem.),302,17/09/2020 17:33
2897,1778,Intel Celeron 1.1Ghz & Gigabyte GA6VEML MB w/ 312D Color Case. W/ Free PS2 Mouse.,205,17/09/2020 17:33
2898,600,AMD XP 2700+ Retail box. (with 333Mhz Front Side Bus),100,17/09/2020 17:33
2899,1111,Intel D845PEBT2 P4 M/B DDR-333 & 533MHz FSB.,5,17/09/2020 17:33
2900,2248,Headphone & Mic,288,17/09/2020 17:33
2901,2754,6072-1 case with side window 400W Powersupply.,302,17/09/2020 17:33
2902,875,AMDXP2000+ Box BiostarM7VIG-Pro,117,17/09/2020 17:33
2903,2073,Intel D845PESV P4 M/B DDR-333 support.,325,17/09/2020 17:33
2904,1,Cooler Master DP5-6J31C AMD Approved HeatSync.,298,17/09/2020 17:33
2905,1496,AMD XP 1800+ & Biostar M7VKQ Pro MB w/ 313M Case. W/ PS2 Mouse.,286,17/09/2020 17:33
2906,1040,Combo AMD XP 2000+ CPU; Gigabyte GA-7N400Pro M/B(W/DDR400 up to 3GB/ATA133 Raid/USB2.0) +Fan.,311,17/09/2020 17:33
2907,1322,Black RF Wireless Keyboard Track Ball (USB) w/ Antenna.,402,17/09/2020 17:33
2908,490,512Mb DDRam PC2100 (one piece) Micron,185,17/09/2020 17:33
2909,2754,Biostar Mini BareBone PC > iDEQ 200N.,48,17/09/2020 17:33
2910,2175,319A ATX case 400W P4/AMD Free Fan and 2 Front USB.,111,17/09/2020 17:33
2911,2003,Intel Pentium4 1.8ghz & Gigabyte GA-8LD533 MB w/ 313N Case. W/ Free PS2 Mouse.,231,17/09/2020 17:33
2912,916,Combo AMD XP 2500+ Barton CPU ASUS A7N8X Deluxe NVIDIA Force2,377,17/09/2020 17:33
2913,1113,ADS USB Turbo 2.0 WebCam.,175,17/09/2020 17:33
2914,2582,Combo Intel Celeron 1.7G Gigabyte MB GA-8LS533,243,17/09/2020 17:33
2915,1420,Removeable ATA100 hard drive tray,459,17/09/2020 17:33
2916,2037,Intel Celeron 1.8ghz & Gigabyte GA-8LD533 MB w/ 313N Case. W/ Free PS2 Mouse.,8,17/09/2020 17:33
2917,2150,Gigabyte GA 7DPXDW-c Dual AMD server board,250,17/09/2020 17:33
2918,378,CyberPower Surge Protector 850 with 8 Outlet.,122,17/09/2020 17:33
2919,2463,AMD XP 1800+ & Gigabyte GA-7DXE MB w/ 313M Case W/ Free PS2 Mouse.,327,17/09/2020 17:33
2920,2175,Serial ATA Power Connector for the Hard Drive.,337,17/09/2020 17:33
2921,2681,Combo AMD XP 2500+ Barton CPU ASUS A7N8X Deluxe NVIDIA Force2,180,17/09/2020 17:33
2922,2874,Combo AMD XP 2100+ w/ Cpu Fan & Biostar M7VKQ +,33,17/09/2020 17:33
2923,2906,Intel Pentium4 2.0ghz & Gigabyte 8IRX MB w/ 313N Case.,136,17/09/2020 17:33
2924,171,Dynatron MicroFin DC1206BM-l AMD Athlon/Duron Fan w/ Copper Base up to AMD XP (AMD APPROVED!) 3000+.,433,17/09/2020 17:33
2925,2445,Gigabyte GA-7VA Motherboard w/ AGP 8x.,49,17/09/2020 17:33
2926,500,1.7Ghz Intel Celeron(box)478pin+ Biostar M7SXF M/b +fan,93,17/09/2020 17:33
2927,1804,Combo AMD Duron 1.3Ghz Biostar M7VIG-Pro Skt A MotherBoard w/ OnBoard Video/sound/Lan.,246,17/09/2020 17:33
2928,840,ATI Radion 7000; 64Mb DDR AGP +CRT+DVI+TV,157,17/09/2020 17:33
2929,295,319A ATX case 400W P4/AMD Free Fan and 2 Front USB.,16,17/09/2020 17:33
2930,2877,Intel Pentium4 2.0ghz & Gigabyte 8IE533 MB w/ 313N Case. W/ Free PS2 Mouse.,488,17/09/2020 17:33
2931,982,Combo AMD XP 3000+ Barton CPU ASUS A7N8X Deluxe NVIDIA Force2,105,17/09/2020 17:33
2932,551,Black LG Electronics CD-RW 48x12x48x / DVD 16x Combo Drive.,418,17/09/2020 17:33
2933,1560,Creative Inspire 2.1 2500 surround sound,228,17/09/2020 17:33
2934,1414,AMD XP 3000+ Barton CPU ASUS A7N8X Deluxe NVIDIA Force2 w/ Antec Performance plus II 1040B Case.,496,17/09/2020 17:33
2935,1833,Intel Celeron 1.3GHz 256k S370 FCPGA2 (Retail Box),316,17/09/2020 17:33
2936,2781,Intel Celeron 2.0Ghz 478 pin Box cpu + fan,208,17/09/2020 17:33
2937,53,AMD XP 2200+ & GigaByte GA-7VA MB w/ 313M case. Free PS2 Mouse.,276,17/09/2020 17:33
2938,804,Cooler Master Ball Bearing Case Fan,297,17/09/2020 17:33
2939,1662,Assembly & Testing of the CPU/Fan; Motherboard; Case; and Other Products.,219,17/09/2020 17:33
2940,786,AMD XP 1900+ & Gigabyte GA-7DXE MB w/ 313M Case,426,17/09/2020 17:33
2941,1060,8012 Black case with 400W Powersupply.,178,17/09/2020 17:33
2942,2906,313M ATX color Case blue 300W P4 w/ front USB & case fan,48,17/09/2020 17:33
2943,1902,AMDXP2000+ Box BiostarM7VIG-Pro,28,17/09/2020 17:33
2944,323,AMD XP 2600+ FBS 333 & GigaByte GA-7VA MB w/ 313M case. Free PS2 Mouse.,475,17/09/2020 17:33
2945,261,Pentiume 4 1.8Ghz/128M/30G Black Complete System.,394,17/09/2020 17:33
2946,2884,Intel D845PEBT2 P4 M/B DDR-333 & 533MHz FSB.,259,17/09/2020 17:33
2947,342,Combo Intel P4 2.4ghz CPU + Fan(BOx) w/ Gigabyte GA-8IE800 Intel®845E Chipset.,477,17/09/2020 17:33
2948,1,AMD XP 1700+ & Gigabyte GA-7VKMLS MB w/ 313N Color Case. W/ Free PS2 Mouse.,145,17/09/2020 17:33
2949,2339,8 inch Neon blue lamp,369,17/09/2020 17:33
2950,2020,Boka 306 Sub Woofer Flat Speaker system,434,17/09/2020 17:33
2951,2239,Combo Intel P4 2.0Ghz retail CPU + Gigabyte GA-8ID533 M/B + Fan.,9,17/09/2020 17:33
2952,1194,Gigabyte GA-6VEML skt 370 M/B (With onboard sound and Video and Realtek Lan),276,17/09/2020 17:33
2953,1424,Combo AMD XP 2500+ Biostar M7VIK Skt A MotherBoard; KT400.,116,17/09/2020 17:33
2954,2554,Combo Intel Celeron 1.3ghz Biostar M6VLQ m/b + fan.,499,17/09/2020 17:33
2955,2770,Combo AMD XP 2100+ (Box CPU)Gigabyte GA-7VKML M/B + Fan,498,17/09/2020 17:33
2956,980,Black LG Electronics CD-RW 48x12x48x / DVD 16x Combo Drive.,203,17/09/2020 17:33
2957,2732,Intel Celeron 1.8ghz & Gigabyte GA-8LD533 MB w/ 313N Case. W/ Free PS2 Mouse.,319,17/09/2020 17:33
2958,1385,512Mb SDRam PC133,18,17/09/2020 17:33
2959,2409,ADS External USB 2.0 Drive Kit,489,17/09/2020 17:33
2960,2311,Intel Pentium4 1.8ghz & Biostar U8668 MB w/ 313N Case. W/ Free CNR 56k & PS2 Mouse.,482,17/09/2020 17:33
2961,2702,Combo AMD XP 2000+ CPU; Gigabyte GA-7VT600L M/B(W/DDR400 up to 3GB/ATA133 Raid/USB2.0) +Fan.,475,17/09/2020 17:33
2962,2083,Combo Intel Celeron 1.8ghz Gigabyte GA-8LS533 m/b + fan.,181,17/09/2020 17:33
2963,377,AMD XP 2000+ & Gigabyte GA-7VKML MB w/ 313M case W/ Free PS2 Mouse.,486,17/09/2020 17:33
2964,411,Combo AMD XP 2600+ CPU; Gigabyte GA-7VR M/B(W/DDR333 up to 3GB/ATA133) .,392,17/09/2020 17:33
2965,2925,Intel Celeron 2.0Ghz/128M/30G Black Complete System.,62,17/09/2020 17:33
2966,143,AMD XP 2500+ FBS 333 & GigaByte GA-7VA MB w/ 313M case. Free PS2 Mouse.,73,17/09/2020 17:33
2967,712,Combo AMD XP 1900+ cpu Gigabyte GA-7DXE Motherboard + Fan,262,17/09/2020 17:33
2968,4,ATI Radeon 7000 32MB DDR PCI CRT+DVI+TV.,230,17/09/2020 17:33
2969,1001,Asus P4C800 Deluxe intel 875 Chip 800FSB DDR SATA ATA133 RAID GIGABIT LAN USB2.0 ATX Retail Box + Intel Pentium 4 3.0Ghz; 800MHz FSB; Fan; Retail Box CPU/MB.,248,17/09/2020 17:33
2970,2468,AMD XP 1700+ & Gigabyte GA-7VKML MB w/313N case. W/ Free PS2 Mouse.,234,17/09/2020 17:33
2971,1457,312B ATX Case with 400Watt P4/P3/AMD Ready PS.,201,17/09/2020 17:33
2972,1101,AMD XP 1800+ (oem),377,17/09/2020 17:33
2973,118,GigaByte G-Max AMD Flex ATX Platform .,117,17/09/2020 17:33
2974,1177,AMD XP 2000+ (OEM),490,17/09/2020 17:33
2975,812,Mitsumi PS/2 Net scroll 5 button mouse,170,17/09/2020 17:33
2976,345,Biostar M7TDR P4 M/B Skt 423 (w/30 day limit warranty),149,17/09/2020 17:33
2977,2493,BIOSTAR M6TSL skt370 m/b (30 day D.O.A Warranty),438,17/09/2020 17:33
2978,1914,Intel Celeron 1.8Ghz/128M/30G Black Complete System.,68,17/09/2020 17:33
2979,1611,Intel Celeron 1.8ghz & Gigabyte GA-8LS533 MB w/ 313M Case. W/ Free PS2 Mouse.,428,17/09/2020 17:33
2980,2038,AMDXP2000/128M/30G Black Complete System.,428,17/09/2020 17:33
2981,1203,Combo Intel P4 3.06ghz CPU + Fan(BOx)with Hyper Threading w/ Intel D845PESV P4 M/B DDR-333 support.,457,17/09/2020 17:33
2982,634,AMD XP 2200+ & Gigabyte 7N400Pro w/ 313M case . W/ Free PS2 Mouse.,500,17/09/2020 17:33
2983,2842,GA-8LD533 Intel®845GL Chipset VC/SC/Lan.,58,17/09/2020 17:33
2984,807,Combo AMD XP 1800+ CPU; Gigabyte GA-7N400Pro M/B(W/DDR400 up to 3GB/ATA133 Raid/USB2.0) +Fan.,75,17/09/2020 17:33
2985,2704,AMD Duron 1.1Ghz (1100 Mhz) OEM,230,17/09/2020 17:33
2986,2321,Intel Celeron 1.1Ghz & Gigabyte GA6VEML MB w/ 312D Color Case. W/ Free PS2 Mouse.,293,17/09/2020 17:33
2987,1552,US Robotics 56K V.90 PCI Modem with Voice,442,17/09/2020 17:33
2988,153,LABTEC Cordless Desktop Keyboard & Mouse (Spanish Edition).,127,17/09/2020 17:33
2989,436,AMD XP 2000+ Box/with AMD Fan,476,17/09/2020 17:33
2990,326,Combo Intel Celeron 1.1Ghz (Box)Tulatin core Biostar M6VLR m/b (Free AMR Modem.),395,17/09/2020 17:33
2991,714,Combo Intel P4 2.0ghz Gigabyte GA-8LD533 m/b + fan.,251,17/09/2020 17:33
2992,1112,ATI Radion 7000; 64Mb DDR AGP +CRT+DVI+TV,270,17/09/2020 17:33
2993,2710,ATI Radion 7000 64Mb SD CRT+TV-Out,469,17/09/2020 17:33
2994,1433,Intel P4 2.4G BareBone System W/ Free Mouse.,435,17/09/2020 17:33
2995,1202,512MB DDR400 PC3200 Kingston(KVR400X64C3/512 ),482,17/09/2020 17:33
2996,1129,Combo AMD XP 2000+ CPU; Gigabyte GA-7VT600L M/B(W/DDR400 up to 3GB/ATA133 Raid/USB2.0) +Fan.,95,17/09/2020 17:33
2997,66,White RF Wireless Keyboard Track Ball .(PS/2 Connector),459,17/09/2020 17:33
2998,2518,512MB DDR PC2700 Kingston(KVR333X64C25/512),243,17/09/2020 17:33
2999,1879,DVI to 15pin CRT adapter,16,17/09/2020 17:33
3000,1259,AMD XP1800 Biostar M7VKQ Pro,140,17/09/2020 17:33
